title,pub_date,url,source_name,doc_type,province,province_code,category_code,category_label,category_subtype,term,batch_no,issue_no,issue_no_range,total_amount_yi,bid_date,base_date_type,payment_date,listing_date,natural_day_gap,workday_gap,doc_no,bond_name,extraction_method,warnings
2026年河南省2026年河南省政府再融资专项债券（五期）30年再融资债券发行公开,2026-03-18,https://www.celma.org.cn/fxqgg/68399.jhtml,fxqgg,announcement,河南省,41,,,,,,,,3.03,,招标日,,,,,,,text,未能从债券名称识别品种(一般新增/专项新增/再融资); 未能识别发行期限; 未找到招标日期
2026年河南省2026年河南省政府专项债券（十四期）30年新增专项债券发行公开,2026-03-18,https://www.celma.org.cn/fxqgg/68431.jhtml,fxqgg,announcement,河南省,41,,,,,,,,3.03,,招标日,,,,,,,text,未能从债券名称识别品种(一般新增/专项新增/再融资); 未能识别发行期限; 未找到招标日期
2026年河南省2026年河南省政府专项债券（十六期）30年新增专项债券发行公开,2026-03-18,https://www.celma.org.cn/fxqgg/68326.jhtml,fxqgg,announcement,河南省,41,,,,,,,,3.03,,招标日,,,,,,,text,未能从债券名称识别品种(一般新增/专项新增/再融资); 未能识别发行期限; 未找到招标日期
2026年河南省2026年河南省棚改专项债券（六期）10年新增专项债券发行公开,2026-03-18,https://www.celma.org.cn/fxqgg/68329.jhtml,fxqgg,announcement,河南省,41,,,,,,,,3.03,,招标日,,,,,,,text,未能从债券名称识别品种(一般新增/专项新增/再融资); 未能识别发行期限; 未找到招标日期
2026年宁夏回族自治区再融资一般债券（一期）发行公开,2026-03-18,https://www.celma.org.cn/fxqgg/68295.jhtml,fxqgg,announcement,宁夏回族自治区,64,refinancing,再融资债券,一般,,,,,38.96,,,2026-03-26,,,,,,ocr,未能从表格解析分期明细，本行为整篇公告级别的合并记录; 未找到招标日期; 本行来自OCR识别，数值型字段准确性需人工核对
2026年河北省2026年第五批再融资债券发行公开,2026-03-18,https://www.celma.org.cn/fxqgg/68298.jhtml,fxqgg,announcement,河北省,13,refinancing,再融资债券,,,5.0,,,247.39,2026-03-25,招标日,,,7.0,5.0,,,ocr,未能从表格解析分期明细，本行为整篇公告级别的合并记录; 本行来自OCR识别，数值型字段准确性需人工核对
2026年新疆维吾尔自治区2026年自治区第三批地方政府债券新增一般债券发行公开,2026-03-18,https://www.celma.org.cn/fxqgg/68299.jhtml,fxqgg,announcement,新疆维吾尔自治区,65,new_general,一般新增债券,,,3.0,,,,2026-03-25,招标日,2026-03-25,,7.0,5.0,,,ocr,未能从表格解析分期明细，本行为整篇公告级别的合并记录; 本行来自OCR识别，数值型字段准确性需人工核对
2026年新疆维吾尔自治区2026年自治区第三批地方政府债券新增专项债券发行公开,2026-03-18,https://www.celma.org.cn/fxqgg/68301.jhtml,fxqgg,announcement,新疆维吾尔自治区,65,new_special,专项新增债券,,,3.0,,,,2026-03-25,招标日,2026-03-25,,7.0,5.0,,,ocr,未能从表格解析分期明细，本行为整篇公告级别的合并记录; 本行来自OCR识别，数值型字段准确性需人工核对
2026年新疆维吾尔自治区2026年自治区第三批地方政府债券再融资债券发行公开,2026-03-18,https://www.celma.org.cn/fxqgg/68302.jhtml,fxqgg,announcement,新疆维吾尔自治区,65,refinancing,再融资债券,,,3.0,,,,2026-03-25,招标日,2026-03-25,,7.0,5.0,,,ocr,未能从表格解析分期明细，本行为整篇公告级别的合并记录; 本行来自OCR识别，数值型字段准确性需人工核对
2026年河南省2026年河南省棚改专项债券（四期）5年新增专项债券发行公开,2026-03-18,https://www.celma.org.cn/fxqgg/68327.jhtml,fxqgg,announcement,河南省,41,,,,,,,,3.03,,招标日,,,,,,,text,未能从债券名称识别品种(一般新增/专项新增/再融资); 未能识别发行期限; 未找到招标日期
2026年海南省海南2026年3月发行债券再融资债券发行公开,2026-03-19,https://www.celma.org.cn/fxqgg/68312.jhtml,fxqgg,announcement,海南省,46,refinancing,再融资债券,一般,10Y,,2.0,,43.93,2026-03-26,招标日,2026-03-27,,7.0,5.0,琼财债〔2026〕165 号,2026年海南省政府再融资一般债券（二期）,text,
2026年海南省海南2026年3月发行债券新增一般债券发行公开,2026-03-19,https://www.celma.org.cn/fxqgg/68311.jhtml,fxqgg,announcement,海南省,46,new_special,专项新增债券,,30Y,,2.0,,24.7,2026-03-26,招标日,2026-03-27,,7.0,5.0,琼财债〔2026〕165 号,2026年海南省收费公路专项债券（二期）-2026年海南省政府专项债券（十期）,text,
2026年海南省海南2026年3月发行债券新增一般债券发行公开,2026-03-19,https://www.celma.org.cn/fxqgg/68311.jhtml,fxqgg,announcement,海南省,46,new_special,专项新增债券,,30Y,,9.0,,11.16,2026-03-26,招标日,2026-03-27,,7.0,5.0,琼财债〔2026〕165 号,2026年海南省政府专项债券（九期）,text,
2026年海南省海南2026年3月发行债券新增一般债券发行公开,2026-03-19,https://www.celma.org.cn/fxqgg/68311.jhtml,fxqgg,announcement,海南省,46,new_special,专项新增债券,,20Y,,8.0,,40.08,2026-03-26,招标日,2026-03-27,,7.0,5.0,琼财债〔2026〕165 号,2026年海南省政府专项债券（八期）,text,
2026年海南省海南2026年3月发行债券新增一般债券发行公开,2026-03-19,https://www.celma.org.cn/fxqgg/68311.jhtml,fxqgg,announcement,海南省,46,refinancing,再融资债券,一般,10Y,,2.0,,43.93,2026-03-26,招标日,2026-03-27,,7.0,5.0,琼财债〔2026〕165 号,2026年海南省政府再融资一般债券（二期）,text,
2026年海南省海南2026年3月发行债券新增一般债券发行公开,2026-03-19,https://www.celma.org.cn/fxqgg/68311.jhtml,fxqgg,announcement,海南省,46,new_general,一般新增债券,,7Y,,3.0,,30.0,2026-03-26,招标日,2026-03-27,,7.0,5.0,琼财债〔2026〕165 号,2026年海南省政府一般债券（三期）,text,
2026年海南省海南2026年3月发行债券再融资债券发行公开,2026-03-19,https://www.celma.org.cn/fxqgg/68312.jhtml,fxqgg,announcement,海南省,46,refinancing,再融资债券,一般,7Y,,1.0,,39.0,2026-03-26,招标日,2026-03-27,,7.0,5.0,琼财债〔2026〕165 号,2026年海南省政府再融资一般债券（一期）,text,
2026年海南省海南2026年3月发行债券再融资债券发行公开,2026-03-19,https://www.celma.org.cn/fxqgg/68312.jhtml,fxqgg,announcement,海南省,46,new_special,专项新增债券,,30Y,,2.0,,24.7,2026-03-26,招标日,2026-03-27,,7.0,5.0,琼财债〔2026〕165 号,2026年海南省收费公路专项债券（二期）-2026年海南省政府专项债券（十期）,text,
2026年海南省海南2026年3月发行债券新增一般债券发行公开,2026-03-19,https://www.celma.org.cn/fxqgg/68311.jhtml,fxqgg,announcement,海南省,46,refinancing,再融资债券,一般,7Y,,1.0,,39.0,2026-03-26,招标日,2026-03-27,,7.0,5.0,琼财债〔2026〕165 号,2026年海南省政府再融资一般债券（一期）,text,
2026年海南省海南2026年3月发行债券再融资债券发行公开,2026-03-19,https://www.celma.org.cn/fxqgg/68312.jhtml,fxqgg,announcement,海南省,46,new_special,专项新增债券,,30Y,,9.0,,11.16,2026-03-26,招标日,2026-03-27,,7.0,5.0,琼财债〔2026〕165 号,2026年海南省政府专项债券（九期）,text,
2026年海南省海南2026年3月发行债券再融资债券发行公开,2026-03-19,https://www.celma.org.cn/fxqgg/68312.jhtml,fxqgg,announcement,海南省,46,new_special,专项新增债券,,20Y,,8.0,,40.08,2026-03-26,招标日,2026-03-27,,7.0,5.0,琼财债〔2026〕165 号,2026年海南省政府专项债券（八期）,text,
2026年海南省海南2026年3月发行债券再融资债券发行公开,2026-03-19,https://www.celma.org.cn/fxqgg/68312.jhtml,fxqgg,announcement,海南省,46,new_special,专项新增债券,,10Y,,7.0,,7.38,2026-03-26,招标日,2026-03-27,,7.0,5.0,琼财债〔2026〕165 号,2026年海南省政府专项债券（七期）,text,
2026年海南省海南2026年3月发行债券再融资债券发行公开,2026-03-19,https://www.celma.org.cn/fxqgg/68312.jhtml,fxqgg,announcement,海南省,46,new_general,一般新增债券,,7Y,,3.0,,30.0,2026-03-26,招标日,2026-03-27,,7.0,5.0,琼财债〔2026〕165 号,2026年海南省政府一般债券（三期）,text,
2026年海南省海南2026年3月发行债券再融资债券发行公开,2026-03-19,https://www.celma.org.cn/fxqgg/68312.jhtml,fxqgg,announcement,海南省,46,new_general,一般新增债券,,5Y,,2.0,,24.0,2026-03-26,招标日,2026-03-27,,7.0,5.0,琼财债〔2026〕165 号,2026年海南省政府一般债券（二期）,text,
2026年吉林省2026年第1批公开发行再融资债券发行公开,2026-03-19,https://www.celma.org.cn/fxqgg/68319.jhtml,fxqgg,announcement,吉林省,22,refinancing,再融资债券,,,1.0,,,,2026-03-26,招标日,,,7.0,5.0,,,ocr,未能从表格解析分期明细，本行为整篇公告级别的合并记录; 本行来自OCR识别，数值型字段准确性需人工核对
2026年海南省海南2026年3月发行债券新增一般债券发行公开,2026-03-19,https://www.celma.org.cn/fxqgg/68311.jhtml,fxqgg,announcement,海南省,46,new_special,专项新增债券,,10Y,,7.0,,7.38,2026-03-26,招标日,2026-03-27,,7.0,5.0,琼财债〔2026〕165 号,2026年海南省政府专项债券（七期）,text,
2026年吉林省2026年第1批公开发行新增一般债券发行公开,2026-03-19,https://www.celma.org.cn/fxqgg/68317.jhtml,fxqgg,announcement,吉林省,22,new_general,一般新增债券,,,1.0,,,,2026-03-26,招标日,,,7.0,5.0,,,ocr,未能从表格解析分期明细，本行为整篇公告级别的合并记录; 本行来自OCR识别，数值型字段准确性需人工核对
2026年吉林省2026年第1批公开发行新增专项债券发行公开,2026-03-19,https://www.celma.org.cn/fxqgg/68318.jhtml,fxqgg,announcement,吉林省,22,new_special,专项新增债券,,,1.0,,,,2026-03-26,招标日,,,7.0,5.0,,,ocr,未能从表格解析分期明细，本行为整篇公告级别的合并记录; 本行来自OCR识别，数值型字段准确性需人工核对
2026年海南省海南2026年3月发行债券新增一般债券发行公开,2026-03-19,https://www.celma.org.cn/fxqgg/68311.jhtml,fxqgg,announcement,海南省,46,new_general,一般新增债券,,5Y,,2.0,,24.0,2026-03-26,招标日,2026-03-27,,7.0,5.0,琼财债〔2026〕165 号,2026年海南省政府一般债券（二期）,text,
2026年上海市2026年第二批新增专项债券发行公开,2026-03-20,https://www.celma.org.cn/fxqgg/68452.jhtml,fxqgg,announcement,上海市,31,new_special,专项新增债券,,,2.0,,,,2026-03-27,招标日,2026-03-30,,7.0,5.0,,,ocr,未能从表格解析分期明细，本行为整篇公告级别的合并记录; 本行来自OCR识别，数值型字段准确性需人工核对
2026年四川省2026第三批次公开（0319）新增专项债券发行公开,2026-03-20,https://www.celma.org.cn/fxqgg/68349.jhtml,fxqgg,announcement,四川省,51,new_special,专项新增债券,,,3.0,,,734.9239,,,2026-03-20,,,,,,ocr,未能从表格解析分期明细，本行为整篇公告级别的合并记录; 未找到招标日期; 本行来自OCR识别，数值型字段准确性需人工核对
2026年四川省2026第二批次公开（0331）新增一般债券发行公开,2026-03-24,https://www.celma.org.cn/fxqgg/68391.jhtml,fxqgg,announcement,四川省,51,new_special,专项新增债券,,,2.0,16.0,,6.5,2026-03-31,招标日,2026-04-01,,7.0,5.0,川财债〔2026〕7 号,2026年四川省政府专项债券（十六期）,text,未能识别发行期限
2026年四川省2026第二批次公开（0331）新增一般债券发行公开,2026-03-24,https://www.celma.org.cn/fxqgg/68391.jhtml,fxqgg,announcement,四川省,51,new_special,专项新增债券,,,2.0,12.0,,1.65,2026-03-31,招标日,2026-04-01,,7.0,5.0,川财债〔2026〕7 号,2026年四川省政府专项债券（十二期）,text,未能识别发行期限
2026年四川省2026第二批次公开（0331）新增一般债券发行公开,2026-03-24,https://www.celma.org.cn/fxqgg/68391.jhtml,fxqgg,announcement,四川省,51,new_general,一般新增债券,,,2.0,2.0,,20.9048,2026-03-31,招标日,2026-04-01,,7.0,5.0,川财债〔2026〕7 号,2026年四川省政府一般债券（二期）,text,未能识别发行期限
2026年四川省2026第二批次公开（0331）新增一般债券发行公开,2026-03-24,https://www.celma.org.cn/fxqgg/68391.jhtml,fxqgg,announcement,四川省,51,new_special,专项新增债券,,,2.0,15.0,,48.6202,2026-03-31,招标日,2026-04-01,,7.0,5.0,川财债〔2026〕7 号,2026年四川省政府专项债券（十五期）,text,未能识别发行期限
2026年四川省2026第二批次公开（0331）新增一般债券发行公开,2026-03-24,https://www.celma.org.cn/fxqgg/68391.jhtml,fxqgg,announcement,四川省,51,new_special,专项新增债券,,,2.0,13.0,,17.6057,2026-03-31,招标日,2026-04-01,,7.0,5.0,川财债〔2026〕7 号,2026年四川省政府专项债券（十三期）,text,未能识别发行期限
2026年四川省2026第二批次公开（0331）新增专项债券发行公开,2026-03-24,https://www.celma.org.cn/fxqgg/68378.jhtml,fxqgg,announcement,四川省,51,new_special,专项新增债券,,,2.0,16.0,,6.5,2026-03-31,招标日,2026-04-01,,7.0,5.0,川财债〔2026〕7 号,2026年四川省政府专项债券（十六期）,text,未能识别发行期限
2026年陕西省2026年第二批再融资专项债券再融资债券发行公开,2026-03-24,https://www.celma.org.cn/fxqgg/68387.jhtml,fxqgg,announcement,陕西省,61,refinancing,再融资债券,专项,7Y,2.0,2.0,,26.3088,2026-03-20,招标日,,,-4.0,,陕财办政债〔2026〕30 号,2026年陕西省地方政府再融资专项债券（二期）,text,公告发布日期晚于PDF内招标日期(负值)，可能是celma.org.cn平台镜像/上传延迟而非真实违规，建议核对省级财政厅官网原始发布时间
2026年四川省2026第二批次公开（0331）新增一般债券发行公开,2026-03-24,https://www.celma.org.cn/fxqgg/68391.jhtml,fxqgg,announcement,四川省,51,new_special,专项新增债券,,,2.0,14.0,,21.2584,2026-03-31,招标日,2026-04-01,,7.0,5.0,川财债〔2026〕7 号,2026年四川省政府专项债券（十四期）,text,未能识别发行期限
2026年四川省2026第二批次公开（0331）新增专项债券发行公开,2026-03-24,https://www.celma.org.cn/fxqgg/68378.jhtml,fxqgg,announcement,四川省,51,new_special,专项新增债券,,,2.0,15.0,,48.6202,2026-03-31,招标日,2026-04-01,,7.0,5.0,川财债〔2026〕7 号,2026年四川省政府专项债券（十五期）,text,未能识别发行期限
2026年陕西省2026年第三批新增一般债券新增一般债券发行公开,2026-03-24,https://www.celma.org.cn/fxqgg/68383.jhtml,fxqgg,announcement,陕西省,61,new_general,一般新增债券,,10Y,3.0,3.0,,17.58,2026-03-20,招标日,,,-4.0,,陕财办政债〔2026〕27 号,2026年陕西省政府一般债券(三期),text,公告发布日期晚于PDF内招标日期(负值)，可能是celma.org.cn平台镜像/上传延迟而非真实违规，建议核对省级财政厅官网原始发布时间
2026年陕西省2026年第一批再融资一般债券再融资债券发行公开,2026-03-24,https://www.celma.org.cn/fxqgg/68385.jhtml,fxqgg,announcement,陕西省,61,refinancing,再融资债券,一般,10Y,1.0,1.0,,98.8796,2026-01-29,招标日,,,-54.0,,陕财办政债〔2026〕4 号,2026年陕西省地方政府再融资一般债券(一期）,text,公告发布日期晚于PDF内招标日期(负值)，可能是celma.org.cn平台镜像/上传延迟而非真实违规，建议核对省级财政厅官网原始发布时间
2026年陕西省2026年第二批再融资专项债券再融资债券发行公开,2026-03-24,https://www.celma.org.cn/fxqgg/68387.jhtml,fxqgg,announcement,陕西省,61,refinancing,再融资债券,专项,10Y,2.0,3.0,,37.1215,2026-03-20,招标日,,,-4.0,,陕财办政债〔2026〕30 号,2026年陕西省地方政府再融资专项债券（三期）,text,公告发布日期晚于PDF内招标日期(负值)，可能是celma.org.cn平台镜像/上传延迟而非真实违规，建议核对省级财政厅官网原始发布时间
2026年四川省2026第二批次公开（0331）新增专项债券发行公开,2026-03-24,https://www.celma.org.cn/fxqgg/68378.jhtml,fxqgg,announcement,四川省,51,new_general,一般新增债券,,,2.0,2.0,,20.9048,2026-03-31,招标日,2026-04-01,,7.0,5.0,川财债〔2026〕7 号,2026年四川省政府一般债券（二期）,text,未能识别发行期限
2026年四川省2026第二批次公开（0331）新增专项债券发行公开,2026-03-24,https://www.celma.org.cn/fxqgg/68378.jhtml,fxqgg,announcement,四川省,51,new_special,专项新增债券,,,2.0,13.0,,17.6057,2026-03-31,招标日,2026-04-01,,7.0,5.0,川财债〔2026〕7 号,2026年四川省政府专项债券（十三期）,text,未能识别发行期限
2026年陕西省2026年第二批新增专项债券新增专项债券发行公开,2026-03-24,https://www.celma.org.cn/fxqgg/68389.jhtml,fxqgg,announcement,陕西省,61,new_special,专项新增债券,,30Y,2.0,3.0,,2.2,2026-03-20,招标日,,,-4.0,,陕财办政债〔2026〕29 号,2026年陕西省政府专项债券(三期),text,公告发布日期晚于PDF内招标日期(负值)，可能是celma.org.cn平台镜像/上传延迟而非真实违规，建议核对省级财政厅官网原始发布时间
2026年陕西省2026年第二批新增专项债券新增专项债券发行公开,2026-03-24,https://www.celma.org.cn/fxqgg/68389.jhtml,fxqgg,announcement,陕西省,61,new_special,专项新增债券,,20Y,2.0,2.0,,9.12,2026-03-20,招标日,,,-4.0,,陕财办政债〔2026〕29 号,2026年陕西省政府专项债券(二期),text,公告发布日期晚于PDF内招标日期(负值)，可能是celma.org.cn平台镜像/上传延迟而非真实违规，建议核对省级财政厅官网原始发布时间
2026年四川省2026第二批次公开（0331）新增一般债券发行公开,2026-03-24,https://www.celma.org.cn/fxqgg/68391.jhtml,fxqgg,announcement,四川省,51,new_special,专项新增债券,,,2.0,17.0,,138.0617,2026-03-31,招标日,2026-04-01,,7.0,5.0,川财债〔2026〕7 号,2026年四川省政府专项债券（十七期）,text,未能识别发行期限
2026年四川省2026第二批次公开（0331）新增专项债券发行公开,2026-03-24,https://www.celma.org.cn/fxqgg/68378.jhtml,fxqgg,announcement,四川省,51,new_special,专项新增债券,,,2.0,12.0,,1.65,2026-03-31,招标日,2026-04-01,,7.0,5.0,川财债〔2026〕7 号,2026年四川省政府专项债券（十二期）,text,未能识别发行期限
2026年四川省2026第二批次公开（0331）新增专项债券发行公开,2026-03-24,https://www.celma.org.cn/fxqgg/68378.jhtml,fxqgg,announcement,四川省,51,new_special,专项新增债券,,,2.0,17.0,,138.0617,2026-03-31,招标日,2026-04-01,,7.0,5.0,川财债〔2026〕7 号,2026年四川省政府专项债券（十七期）,text,未能识别发行期限
2026年四川省2026第二批次公开（0331）新增专项债券发行公开,2026-03-24,https://www.celma.org.cn/fxqgg/68378.jhtml,fxqgg,announcement,四川省,51,new_special,专项新增债券,,,2.0,14.0,,21.2584,2026-03-31,招标日,2026-04-01,,7.0,5.0,川财债〔2026〕7 号,2026年四川省政府专项债券（十四期）,text,未能识别发行期限
2026年河南省2026年河南省政府再融资一般债券（三期）7年再融资债券发行公开,2026-03-25,https://www.celma.org.cn/fxqgg/68395.jhtml,fxqgg,announcement,河南省,41,,,,,,,,94.25,,招标日,,,,,,,text,未能从债券名称识别品种(一般新增/专项新增/再融资); 未能识别发行期限; 未找到招标日期
2026年黑龙江省政府再融资专项债券（二期）再融资债券发行公开,2026-03-25,https://www.celma.org.cn/fxqgg/68414.jhtml,fxqgg,announcement,黑龙江省,23,refinancing,再融资债券,专项,,,,,,2026-04-09,招标日,2026-04-10,,15.0,10.0,,,ocr,未能从表格解析分期明细，本行为整篇公告级别的合并记录; 本行来自OCR识别，数值型字段准确性需人工核对
2026年辽宁省2026第四批新增一般债券发行公开,2026-03-25,https://www.celma.org.cn/fxqgg/68402.jhtml,fxqgg,announcement,辽宁省,21,new_general,一般新增债券,,,4.0,2.0,,13.4,2026-03-17,招标日,2026-03-18,,-8.0,,辽财债管〔2026〕66 号,2026年辽宁省政府一般债券（二期）,text,未能识别发行期限; 公告发布日期晚于PDF内招标日期(负值)，可能是celma.org.cn平台镜像/上传延迟而非真实违规，建议核对省级财政厅官网原始发布时间
2026年黑龙江省政府再融资专项债券（一期）再融资债券发行公开,2026-03-25,https://www.celma.org.cn/fxqgg/68413.jhtml,fxqgg,announcement,黑龙江省,23,refinancing,再融资债券,专项,,,,,,2026-04-09,招标日,2026-04-10,,15.0,10.0,,,ocr,未能从表格解析分期明细，本行为整篇公告级别的合并记录; 本行来自OCR识别，数值型字段准确性需人工核对
2026年河南省2026年河南省政府再融资一般债券（四期）10年再融资债券发行公开,2026-03-25,https://www.celma.org.cn/fxqgg/68396.jhtml,fxqgg,announcement,河南省,41,,,,,,,,94.25,,招标日,,,,,,,text,未能从债券名称识别品种(一般新增/专项新增/再融资); 未能识别发行期限; 未找到招标日期
2026年辽宁省2026第四批再融资债券发行公开,2026-03-25,https://www.celma.org.cn/fxqgg/68405.jhtml,fxqgg,announcement,辽宁省,21,refinancing,再融资债券,专项,,4.0,3.0,,87.2,2026-03-17,招标日,2026-03-18,,-8.0,,辽财债管〔2026〕68 号,2026年辽宁省地方政府再融资专项债券（三期）,text,未能识别发行期限; 公告发布日期晚于PDF内招标日期(负值)，可能是celma.org.cn平台镜像/上传延迟而非真实违规，建议核对省级财政厅官网原始发布时间
2026年河南省2026年河南省政府再融资专项债券（七期）15年再融资债券发行公开,2026-03-25,https://www.celma.org.cn/fxqgg/68398.jhtml,fxqgg,announcement,河南省,41,,,,,,,,94.25,,招标日,,,,,,,text,未能从债券名称识别品种(一般新增/专项新增/再融资); 未能识别发行期限; 未找到招标日期
2026年河南省2026年河南省政府再融资一般债券（二期）7年再融资债券发行公开,2026-03-25,https://www.celma.org.cn/fxqgg/68394.jhtml,fxqgg,announcement,河南省,41,,,,,,,,94.25,,招标日,,,,,,,text,未能从债券名称识别品种(一般新增/专项新增/再融资); 未能识别发行期限; 未找到招标日期
2026年黑龙江省政府再融资一般债券（一期）再融资债券发行公开,2026-03-25,https://www.celma.org.cn/fxqgg/68412.jhtml,fxqgg,announcement,黑龙江省,23,refinancing,再融资债券,一般,,,,,,2026-04-09,招标日,2026-04-10,,15.0,10.0,,,ocr,未能从表格解析分期明细，本行为整篇公告级别的合并记录; 本行来自OCR识别，数值型字段准确性需人工核对
2026年河南省2026年河南省政府再融资专项债券（六期）15年再融资债券发行公开,2026-03-25,https://www.celma.org.cn/fxqgg/68397.jhtml,fxqgg,announcement,河南省,41,,,,,,,,94.25,,招标日,,,,,,,text,未能从债券名称识别品种(一般新增/专项新增/再融资); 未能识别发行期限; 未找到招标日期
2026年重庆市2026年四月第一批债券再融资债券发行公开,2026-03-26,https://www.celma.org.cn/fxqgg/68432.jhtml,fxqgg,announcement,重庆市,50,refinancing,再融资债券,专项,,1.0,6.0,,201.6,2026-04-02,招标日,2026-04-03,,7.0,5.0,渝财债〔2026〕16 号,2026 年重庆市地方政府再融资专项债券（六期）,text,未能识别发行期限
2026年重庆市2026年四月第一批债券再融资债券发行公开,2026-03-26,https://www.celma.org.cn/fxqgg/68432.jhtml,fxqgg,announcement,重庆市,50,refinancing,再融资债券,专项,,1.0,7.0,,91.75,2026-04-02,招标日,2026-04-03,,7.0,5.0,渝财债〔2026〕16 号,2026 年重庆市地方政府再融资专项债券（七期）,text,未能识别发行期限
2026年重庆市2026年四月第一批债券再融资债券发行公开,2026-03-26,https://www.celma.org.cn/fxqgg/68432.jhtml,fxqgg,announcement,重庆市,50,,,,,1.0,,,293.35,2026-04-02,招标日,2026-04-03,,7.0,5.0,渝财债〔2026〕16 号,合计,text,未能从债券名称识别品种(一般新增/专项新增/再融资); 未能识别发行期限
2026年辽宁省2026第四批新增专项债券发行公开,2026-03-27,https://www.celma.org.cn/fxqgg/68434.jhtml,fxqgg,announcement,辽宁省,21,new_special,专项新增债券,,,4.0,4.0,,2.59,2026-03-17,招标日,2026-03-18,,-10.0,,辽财债管〔2026〕67 号,2026年辽宁省政府专项债券（四期）,text,未能识别发行期限; 公告发布日期晚于PDF内招标日期(负值)，可能是celma.org.cn平台镜像/上传延迟而非真实违规，建议核对省级财政厅官网原始发布时间
2026年宁波市第三批再融资债券发行公开,2026-03-27,https://www.celma.org.cn/fxqgg/68439.jhtml,fxqgg,announcement,宁波市,3302,refinancing,再融资债券,,,3.0,,,,2026-04-03,招标日,2026-04-03,,7.0,5.0,,,ocr,未能从表格解析分期明细，本行为整篇公告级别的合并记录; 本行来自OCR识别，数值型字段准确性需人工核对
2026年深圳市2026年第二批专项债新增专项债券发行公开,2026-03-27,https://www.celma.org.cn/fxqgg/68435.jhtml,fxqgg,announcement,深圳市,4403,new_special,专项新增债券,,,2.0,,,,2026-04-07,招标日,2026-04-07,,11.0,6.0,,,ocr,未能从表格解析分期明细，本行为整篇公告级别的合并记录; 本行来自OCR识别，数值型字段准确性需人工核对
2026年辽宁省2026第四批新增专项债券发行公开,2026-03-27,https://www.celma.org.cn/fxqgg/68434.jhtml,fxqgg,announcement,辽宁省,21,new_special,专项新增债券,,,4.0,6.0,,10.56,2026-03-17,招标日,2026-03-18,,-10.0,,辽财债管〔2026〕67 号,2026年辽宁省政府专项债券（六期）,text,未能识别发行期限; 公告发布日期晚于PDF内招标日期(负值)，可能是celma.org.cn平台镜像/上传延迟而非真实违规，建议核对省级财政厅官网原始发布时间
2026年辽宁省2026第四批新增专项债券发行公开,2026-03-27,https://www.celma.org.cn/fxqgg/68434.jhtml,fxqgg,announcement,辽宁省,21,new_special,专项新增债券,,,4.0,5.0,,32.28,2026-03-17,招标日,2026-03-18,,-10.0,,辽财债管〔2026〕67 号,2026年辽宁省政府专项债券（五期）,text,未能识别发行期限; 公告发布日期晚于PDF内招标日期(负值)，可能是celma.org.cn平台镜像/上传延迟而非真实违规，建议核对省级财政厅官网原始发布时间
2026年辽宁省2026第四批新增专项债券发行公开,2026-03-27,https://www.celma.org.cn/fxqgg/68434.jhtml,fxqgg,announcement,辽宁省,21,new_special,专项新增债券,,,4.0,3.0,,1.07,2026-03-17,招标日,2026-03-18,,-10.0,,辽财债管〔2026〕67 号,2026年辽宁省政府专项债券（三期）,text,未能识别发行期限; 公告发布日期晚于PDF内招标日期(负值)，可能是celma.org.cn平台镜像/上传延迟而非真实违规，建议核对省级财政厅官网原始发布时间
湖南省2026年第十批再融资债券发行公开,2026-03-30,https://www.celma.org.cn/fxqgg/68451.jhtml,fxqgg,announcement,湖南省,43,refinancing,再融资债券,一般,,10.0,3.0,,272.27,2026-04-07,招标日,2026-04-08,,8.0,5.0,湘财债管〔2026〕19 号,2026年湖南省地方政府再融资一般债券（三期）,text,未能识别发行期限
湖南省2026年第十批再融资债券发行公开,2026-03-30,https://www.celma.org.cn/fxqgg/68451.jhtml,fxqgg,announcement,湖南省,43,new_special,专项新增债券,,,10.0,9.0,,24.87,2026-04-07,招标日,2026-04-08,,8.0,5.0,湘财债管〔2026〕19 号,2026年湖南省政府专项债券（九期）,text,未能识别发行期限
湖南省2026年第九批新增专项债券发行公开,2026-03-30,https://www.celma.org.cn/fxqgg/68450.jhtml,fxqgg,announcement,湖南省,43,refinancing,再融资债券,一般,,9.0,3.0,,272.27,2026-04-07,招标日,2026-04-08,,8.0,5.0,湘财债管〔2026〕19 号,2026年湖南省地方政府再融资一般债券（三期）,text,未能识别发行期限
湖南省2026年第九批新增专项债券发行公开,2026-03-30,https://www.celma.org.cn/fxqgg/68450.jhtml,fxqgg,announcement,湖南省,43,new_special,专项新增债券,,,9.0,9.0,,24.87,2026-04-07,招标日,2026-04-08,,8.0,5.0,湘财债管〔2026〕19 号,2026年湖南省政府专项债券（九期）,text,未能识别发行期限
2026年福建省2026年第五批（土储）新增专项债券发行公开,2026-03-31,https://www.celma.org.cn/fxqgg/68454.jhtml,fxqgg,announcement,福建省,35,new_special,专项新增债券,,,5.0,,,,2026-04-08,招标日,2026-04-09,,8.0,5.0,,,ocr,未能从表格解析分期明细，本行为整篇公告级别的合并记录; 本行来自OCR识别，数值型字段准确性需人工核对
2026年贵州省2026年第三批再融资债券发行公开,2026-04-01,https://www.celma.org.cn/fxqgg/68536.jhtml,fxqgg,announcement,贵州省,52,refinancing,再融资债券,,,3.0,,,634.5786,2026-04-09,招标日,2026-04-10,,8,5,,,ocr,未能从表格解析分期明细，本行为整篇公告级别的合并记录; 本行来自OCR识别，数值型字段准确性需人工核对
2026年浙江省全辖2026年第五次公开发行新增专项债券发行公开,2026-04-01,https://www.celma.org.cn/fxqgg/68463.jhtml,fxqgg,announcement,浙江省,33,new_special,专项新增债券,,,,,,,2026-04-10,招标日,2026-04-13,,9,6,,,ocr,未能从表格解析分期明细，本行为整篇公告级别的合并记录; 本行来自OCR识别，数值型字段准确性需人工核对
2026年宁夏回族自治区新增专项债券（三至七期）发行公开,2026-04-01,https://www.celma.org.cn/fxqgg/68462.jhtml,fxqgg,announcement,宁夏回族自治区,64,new_special,专项新增债券,,,,,,32.5029,2026-04-09,招标日,2026-04-10,,8,5,,,ocr,未能从表格解析分期明细，本行为整篇公告级别的合并记录; 本行来自OCR识别，数值型字段准确性需人工核对
2026年浙江省全辖2026年第五次公开发行再融资债券发行公开,2026-04-01,https://www.celma.org.cn/fxqgg/68464.jhtml,fxqgg,announcement,浙江省,33,refinancing,再融资债券,,,,,,,2026-04-10,招标日,2026-04-13,,9,6,,,ocr,未能从表格解析分期明细，本行为整篇公告级别的合并记录; 本行来自OCR识别，数值型字段准确性需人工核对
2026年山东省第四批新增专项（十八期-二十二期）新增专项债券发行公开,2026-04-07,https://www.celma.org.cn/fxqgg/68487.jhtml,fxqgg,announcement,山东省,37,new_special,专项新增债券,,,4.0,20.0,,54.35,2026-04-14,招标日,,,7,5,鲁财库〔2026〕15 号,2026 年山东省政府专项债券（二十期）,text,未能识别发行期限
2026年山东省第四批新增专项（十八期-二十二期）新增专项债券发行公开,2026-04-07,https://www.celma.org.cn/fxqgg/68487.jhtml,fxqgg,announcement,山东省,37,new_special,专项新增债券,,,4.0,18.0,,12.38,2026-04-14,招标日,,,7,5,鲁财库〔2026〕15 号,2026 年山东省政府专项债券（十八期）,text,未能识别发行期限
2026年山东省第六批再融资专项（十五期）再融资债券发行公开,2026-04-07,https://www.celma.org.cn/fxqgg/68483.jhtml,fxqgg,announcement,山东省,37,refinancing,再融资债券,专项,,6.0,15.0,,18.41,2026-04-14,招标日,,,7,5,鲁财库〔2026〕18 号,2026 年山东省地方政府再融资专项债券（十五期）,text,未能识别发行期限
2026年山东省第六批再融资专项（十五期）再融资债券发行公开,2026-04-07,https://www.celma.org.cn/fxqgg/68483.jhtml,fxqgg,announcement,山东省,37,refinancing,再融资债券,专项,,6.0,16.0,,9.85,2026-04-14,招标日,,,7,5,鲁财库〔2026〕18 号,2026 年山东省地方政府再融资专项债券（十六期）,text,未能识别发行期限
2026年山东省第四批新增专项（十八期-二十二期）新增专项债券发行公开,2026-04-07,https://www.celma.org.cn/fxqgg/68487.jhtml,fxqgg,announcement,山东省,37,new_special,专项新增债券,,,4.0,22.0,,4.45,2026-04-14,招标日,,,7,5,鲁财库〔2026〕15 号,2026 年山东省政府专项债券（二十二期）,text,未能识别发行期限
2026年山东省第三批再融资一般债券发行公开,2026-04-07,https://www.celma.org.cn/fxqgg/68482.jhtml,fxqgg,announcement,山东省,37,refinancing,再融资债券,一般,,3.0,3.0,,124.26,2026-04-14,招标日,,,7,5,鲁财库〔2026〕17 号,2026 年山东省地方政府再融资一般债券（三期）,text,未能识别发行期限
2026年山东省第三批新增专项（二十三期）新增专项债券发行公开,2026-04-07,https://www.celma.org.cn/fxqgg/68485.jhtml,fxqgg,announcement,山东省,37,new_special,专项新增债券,,,3.0,21.0,,8.06,2026-04-14,招标日,,,7,5,鲁财库〔2026〕15 号,2026 年山东省政府专项债券（二十一期）,text,未能识别发行期限
2026年山东省第六批再融资专项（十五期）再融资债券发行公开,2026-04-07,https://www.celma.org.cn/fxqgg/68483.jhtml,fxqgg,announcement,山东省,37,refinancing,再融资债券,专项,,6.0,18.0,,33.06,2026-04-14,招标日,,,7,5,鲁财库〔2026〕18 号,2026 年山东省地方政府再融资专项债券（十八期）,text,未能识别发行期限
2026年山东省第一批新增一般债券发行公开,2026-04-07,https://www.celma.org.cn/fxqgg/68481.jhtml,fxqgg,announcement,山东省,37,new_general,一般新增债券,,,1.0,1.0,,7.23,2026-04-14,招标日,,,7,5,鲁财库〔2026〕16 号,2026 年山东省政府一般债券（一期）,text,未能识别发行期限
2026年云南省2026年第四批再融资债券发行公开,2026-04-07,https://www.celma.org.cn/fxqgg/68476.jhtml,fxqgg,announcement,云南省,53,refinancing,再融资债券,,,4.0,,,300.0,2026-04-14,招标日,,,7,5,,,ocr,未能从表格解析分期明细，本行为整篇公告级别的合并记录; 本行来自OCR识别，数值型字段准确性需人工核对
2026年山东省第四批新增专项（十八期-二十二期）新增专项债券发行公开,2026-04-07,https://www.celma.org.cn/fxqgg/68487.jhtml,fxqgg,announcement,山东省,37,new_special,专项新增债券,,,4.0,23.0,,11.56,2026-04-14,招标日,,,7,5,鲁财库〔2026〕15 号,2026 年山东省政府专项债券（二十三期）,text,未能识别发行期限
2026年山东省第三批新增专项（二十三期）新增专项债券发行公开,2026-04-07,https://www.celma.org.cn/fxqgg/68485.jhtml,fxqgg,announcement,山东省,37,new_special,专项新增债券,,,3.0,18.0,,12.38,2026-04-14,招标日,,,7,5,鲁财库〔2026〕15 号,2026 年山东省政府专项债券（十八期）,text,未能识别发行期限
2026年山东省第三批新增专项（二十三期）新增专项债券发行公开,2026-04-07,https://www.celma.org.cn/fxqgg/68485.jhtml,fxqgg,announcement,山东省,37,new_special,专项新增债券,,,3.0,19.0,,99.81,2026-04-14,招标日,,,7,5,鲁财库〔2026〕15 号,2026 年山东省政府专项债券（十九期）,text,未能识别发行期限
2026年山东省第三批新增专项（二十三期）新增专项债券发行公开,2026-04-07,https://www.celma.org.cn/fxqgg/68485.jhtml,fxqgg,announcement,山东省,37,new_special,专项新增债券,,,3.0,20.0,,54.35,2026-04-14,招标日,,,7,5,鲁财库〔2026〕15 号,2026 年山东省政府专项债券（二十期）,text,未能识别发行期限
2026年山东省第四批新增专项（十八期-二十二期）新增专项债券发行公开,2026-04-07,https://www.celma.org.cn/fxqgg/68487.jhtml,fxqgg,announcement,山东省,37,new_special,专项新增债券,,,4.0,19.0,,99.81,2026-04-14,招标日,,,7,5,鲁财库〔2026〕15 号,2026 年山东省政府专项债券（十九期）,text,未能识别发行期限
2026年山东省第三批新增专项（二十三期）新增专项债券发行公开,2026-04-07,https://www.celma.org.cn/fxqgg/68485.jhtml,fxqgg,announcement,山东省,37,new_special,专项新增债券,,,3.0,22.0,,4.45,2026-04-14,招标日,,,7,5,鲁财库〔2026〕15 号,2026 年山东省政府专项债券（二十二期）,text,未能识别发行期限
2026年山东省第六批再融资专项（十六期-十八期）再融资债券发行公开,2026-04-07,https://www.celma.org.cn/fxqgg/68484.jhtml,fxqgg,announcement,山东省,37,refinancing,再融资债券,专项,,6.0,15.0,,18.41,2026-04-14,招标日,,,7,5,鲁财库〔2026〕18 号,2026 年山东省地方政府再融资专项债券（十五期）,text,未能识别发行期限
2026年山东省第三批新增专项（二十三期）新增专项债券发行公开,2026-04-07,https://www.celma.org.cn/fxqgg/68485.jhtml,fxqgg,announcement,山东省,37,new_special,专项新增债券,,,3.0,23.0,,11.56,2026-04-14,招标日,,,7,5,鲁财库〔2026〕15 号,2026 年山东省政府专项债券（二十三期）,text,未能识别发行期限
2026年山东省第六批再融资专项（十六期-十八期）再融资债券发行公开,2026-04-07,https://www.celma.org.cn/fxqgg/68484.jhtml,fxqgg,announcement,山东省,37,refinancing,再融资债券,专项,,6.0,16.0,,9.85,2026-04-14,招标日,,,7,5,鲁财库〔2026〕18 号,2026 年山东省地方政府再融资专项债券（十六期）,text,未能识别发行期限
2026年山东省第六批再融资专项（十六期-十八期）再融资债券发行公开,2026-04-07,https://www.celma.org.cn/fxqgg/68484.jhtml,fxqgg,announcement,山东省,37,refinancing,再融资债券,专项,,6.0,17.0,,35.39,2026-04-14,招标日,,,7,5,鲁财库〔2026〕18 号,2026 年山东省地方政府再融资专项债券（十七期）,text,未能识别发行期限
2026年山东省第六批再融资专项（十六期-十八期）再融资债券发行公开,2026-04-07,https://www.celma.org.cn/fxqgg/68484.jhtml,fxqgg,announcement,山东省,37,refinancing,再融资债券,专项,,6.0,18.0,,33.06,2026-04-14,招标日,,,7,5,鲁财库〔2026〕18 号,2026 年山东省地方政府再融资专项债券（十八期）,text,未能识别发行期限
2026年山东省第六批再融资专项（十五期）再融资债券发行公开,2026-04-07,https://www.celma.org.cn/fxqgg/68483.jhtml,fxqgg,announcement,山东省,37,refinancing,再融资债券,专项,,6.0,17.0,,35.39,2026-04-14,招标日,,,7,5,鲁财库〔2026〕18 号,2026 年山东省地方政府再融资专项债券（十七期）,text,未能识别发行期限
2026年山东省第四批新增专项（十八期-二十二期）新增专项债券发行公开,2026-04-07,https://www.celma.org.cn/fxqgg/68487.jhtml,fxqgg,announcement,山东省,37,new_special,专项新增债券,,,4.0,21.0,,8.06,2026-04-14,招标日,,,7,5,鲁财库〔2026〕15 号,2026 年山东省政府专项债券（二十一期）,text,未能识别发行期限
2026年湖北省2026年湖北省第四批-再融资专项第四批再融资债券发行公开,2026-04-10,https://www.celma.org.cn/fxqgg/68507.jhtml,fxqgg,announcement,湖北省,42,refinancing,再融资债券,专项,,4.0,,,,2026-04-17,招标日,2026-04-20,,7,5,,,ocr,未能从表格解析分期明细，本行为整篇公告级别的合并记录; 本行来自OCR识别，数值型字段准确性需人工核对
2026年湖北省2026年新增专项第四批新增专项债券发行公开,2026-04-10,https://www.celma.org.cn/fxqgg/68508.jhtml,fxqgg,announcement,湖北省,42,new_special,专项新增债券,,,4.0,,,,2026-04-17,招标日,2026-04-20,,7,5,,,ocr,未能从表格解析分期明细，本行为整篇公告级别的合并记录; 本行来自OCR识别，数值型字段准确性需人工核对
2026年河北省2026年第六批新增专项债券发行公开,2026-04-13,https://www.celma.org.cn/fxqgg/68519.jhtml,fxqgg,announcement,河北省,13,new_special,专项新增债券,,,6.0,,,60.0,2026-04-13,招标日,,,0,0,,,ocr,未能从表格解析分期明细，本行为整篇公告级别的合并记录; 本行来自OCR识别，数值型字段准确性需人工核对
2026年河北省2026年第七批再融资债券发行公开,2026-04-13,https://www.celma.org.cn/fxqgg/68513.jhtml,fxqgg,announcement,河北省,13,refinancing,再融资债券,,,7.0,,,90.98,2026-04-20,招标日,,,7,5,,,ocr,未能从表格解析分期明细，本行为整篇公告级别的合并记录; 本行来自OCR识别，数值型字段准确性需人工核对
2026年云南省2026年第五批新增一般债券发行公开,2026-04-14,https://www.celma.org.cn/fxqgg/68541.jhtml,fxqgg,announcement,云南省,53,new_general,一般新增债券,,,5.0,,,,2026-04-21,招标日,,,7,5,,,ocr,未能从表格解析分期明细，本行为整篇公告级别的合并记录; 本行来自OCR识别，数值型字段准确性需人工核对
2026年湖南省第十一批再融资债券发行公开,2026-04-14,https://www.celma.org.cn/fxqgg/68538.jhtml,fxqgg,announcement,湖南省,43,refinancing,再融资债券,专项,,11.0,3.0,,35.79,2026-04-21,招标日,2026-04-22,,7,5,湘财债管〔2026〕21 号,2026年湖南省地方政府再融资专项债券（三期）,text,未能识别发行期限
2026年云南省2026年第五批再融资债券发行公开,2026-04-14,https://www.celma.org.cn/fxqgg/68542.jhtml,fxqgg,announcement,云南省,53,refinancing,再融资债券,,,5.0,,,,2026-04-21,招标日,,,7,5,,,ocr,未能从表格解析分期明细，本行为整篇公告级别的合并记录; 本行来自OCR识别，数值型字段准确性需人工核对
2026年湖南省第十二批再融资债券发行公开,2026-04-14,https://www.celma.org.cn/fxqgg/68539.jhtml,fxqgg,announcement,湖南省,43,refinancing,再融资债券,一般,,12.0,4.0,,31.78,2026-04-21,招标日,2026-04-22,,7,5,湘财债管〔2026〕21 号,2026年湖南省地方政府再融资一般债券（四期）,text,未能识别发行期限
2026年湖南省第十一批再融资债券发行公开,2026-04-14,https://www.celma.org.cn/fxqgg/68538.jhtml,fxqgg,announcement,湖南省,43,refinancing,再融资债券,一般,,11.0,4.0,,31.78,2026-04-21,招标日,2026-04-22,,7,5,湘财债管〔2026〕21 号,2026年湖南省地方政府再融资一般债券（四期）,text,未能识别发行期限
2026年湖南省第十二批再融资债券发行公开,2026-04-14,https://www.celma.org.cn/fxqgg/68539.jhtml,fxqgg,announcement,湖南省,43,refinancing,再融资债券,专项,,12.0,3.0,,35.79,2026-04-21,招标日,2026-04-22,,7,5,湘财债管〔2026〕21 号,2026年湖南省地方政府再融资专项债券（三期）,text,未能识别发行期限
2026年内蒙古自治区2026年内蒙古自治区政府再融资一般债券（二期）再融资债券发行公开,2026-04-15,https://www.celma.org.cn/fxqgg/68553.jhtml,fxqgg,announcement,内蒙古自治区,15,refinancing,再融资债券,一般,,,,,,2026-04-22,招标日,,,7,5,内财债函〔2026〕233 号,,text,未能从表格解析分期明细，本行为整篇公告级别的合并记录
2026年广西壮族自治区2026年4月产业园区新增专项债券批次新增专项债券发行公开,2026-04-15,https://www.celma.org.cn/fxqgg/68559.jhtml,fxqgg,announcement,广西壮族自治区,45,,,,,,,,20.75,2026-04-22,招标日,,,7,5,桂财库〔2026〕28 号,,text,未能从债券名称识别品种(一般新增/专项新增/再融资); 未能识别发行期限
2026年广西壮族自治区2026年4月交通基础设施新增专项债券批次新增专项债券发行公开,2026-04-15,https://www.celma.org.cn/fxqgg/68561.jhtml,fxqgg,announcement,广西壮族自治区,45,,,,,,,,20.75,2026-04-22,招标日,,,7,5,桂财库〔2026〕28 号,,text,未能从债券名称识别品种(一般新增/专项新增/再融资); 未能识别发行期限
2026年福建省2026年第六批（土储）新增专项债券发行公开,2026-04-15,https://www.celma.org.cn/fxqgg/68537.jhtml,fxqgg,announcement,福建省,35,new_special,专项新增债券,,,6.0,,,,2026-04-22,招标日,2026-04-23,,7,5,,,ocr,未能从表格解析分期明细，本行为整篇公告级别的合并记录; 本行来自OCR识别，数值型字段准确性需人工核对
2026年广西壮族自治区2026年4月新增一般债券批次新增一般债券发行公开,2026-04-15,https://www.celma.org.cn/fxqgg/68557.jhtml,fxqgg,announcement,广西壮族自治区,45,,,,,,,,20.75,2026-04-22,招标日,,,7,5,桂财库〔2026〕28 号,,text,未能从债券名称识别品种(一般新增/专项新增/再融资); 未能识别发行期限
2026年广西壮族自治区2026年4月再融资专项债券批次再融资债券发行公开,2026-04-15,https://www.celma.org.cn/fxqgg/68563.jhtml,fxqgg,announcement,广西壮族自治区,45,,,,,,,,150.0,2026-04-22,招标日,,,7,5,桂财库〔2026〕29 号,,text,未能从债券名称识别品种(一般新增/专项新增/再融资); 未能识别发行期限
2026年广西壮族自治区2026年4月社会领域新增专项债券批次新增专项债券发行公开,2026-04-15,https://www.celma.org.cn/fxqgg/68565.jhtml,fxqgg,announcement,广西壮族自治区,45,,,,,,,,20.75,2026-04-22,招标日,,,7,5,桂财库〔2026〕28 号,,text,未能从债券名称识别品种(一般新增/专项新增/再融资); 未能识别发行期限
2026年广西壮族自治区2026年4月收费公路新增专项债券批次新增专项债券发行公开,2026-04-15,https://www.celma.org.cn/fxqgg/68566.jhtml,fxqgg,announcement,广西壮族自治区,45,,,,,,,,20.75,2026-04-22,招标日,,,7,5,桂财库〔2026〕28 号,,text,未能从债券名称识别品种(一般新增/专项新增/再融资); 未能识别发行期限
2026年广西壮族自治区2026年4月棚户区改造新增专项债券批次新增专项债券发行公开,2026-04-15,https://www.celma.org.cn/fxqgg/68564.jhtml,fxqgg,announcement,广西壮族自治区,45,,,,,,,,20.75,2026-04-22,招标日,,,7,5,桂财库〔2026〕28 号,,text,未能从债券名称识别品种(一般新增/专项新增/再融资); 未能识别发行期限
2026年内蒙古自治区2026年内蒙古自治区政府再融资专项债券（四期）再融资债券发行公开,2026-04-15,https://www.celma.org.cn/fxqgg/68554.jhtml,fxqgg,announcement,内蒙古自治区,15,refinancing,再融资债券,专项,,,,,,2026-04-22,招标日,2026-04-22,,7,5,内财债函〔2026〕232 号,,text,未能从表格解析分期明细，本行为整篇公告级别的合并记录
2026年山西省2026年第三批再融资一般（7年期）再融资债券发行公开,2026-04-16,https://www.celma.org.cn/fxqgg/68574.jhtml,fxqgg,announcement,山西省,14,refinancing,再融资债券,一般,,3.0,,,,,,,,,,,,ocr,未能从表格解析分期明细，本行为整篇公告级别的合并记录; 未找到招标日期; 本行来自OCR识别，数值型字段准确性需人工核对
2026年江苏省2026年第五批江苏省政府债券发行（再融资专项债券）再融资债券发行公开,2026-04-16,https://www.celma.org.cn/fxqgg/68619.jhtml,fxqgg,announcement,江苏省,32,refinancing,再融资债券,一般,7Y,5.0,3.0,,123.42,2026-04-23,招标日,2026-04-24,,7.0,5.0,苏财债〔2026〕43号,2026年江苏省地方政府再融资一般债券（三期）,text,
2026年山西省2026年第三批新增专项（20年期）新增专项债券发行公开,2026-04-16,https://www.celma.org.cn/fxqgg/68572.jhtml,fxqgg,announcement,山西省,14,new_special,专项新增债券,,,3.0,,,,,,,,,,,,ocr,未能从表格解析分期明细，本行为整篇公告级别的合并记录; 未找到招标日期; 本行来自OCR识别，数值型字段准确性需人工核对
2026年江苏省2026年第五批江苏省政府债券发行（再融资专项债券）再融资债券发行公开,2026-04-16,https://www.celma.org.cn/fxqgg/68619.jhtml,fxqgg,announcement,江苏省,32,refinancing,再融资债券,一般,10Y,5.0,4.0,,290.7,2026-04-23,招标日,2026-04-24,,7.0,5.0,苏财债〔2026〕43号,2026年江苏省地方政府再融资一般债券（四期）,text,
2026年山西省2026年第三批新增专项（30年期）新增专项债券发行公开,2026-04-16,https://www.celma.org.cn/fxqgg/68573.jhtml,fxqgg,announcement,山西省,14,new_special,专项新增债券,,,3.0,,,,,,,,,,,,ocr,未能从表格解析分期明细，本行为整篇公告级别的合并记录; 未找到招标日期; 本行来自OCR识别，数值型字段准确性需人工核对
2026年甘肃省政府再融资专项债券（四期）再融资债券发行公开,2026-04-16,https://www.celma.org.cn/fxqgg/68575.jhtml,fxqgg,announcement,甘肃省,62,refinancing,再融资债券,专项,,,,,,,,,,,,,,ocr,未能从表格解析分期明细，本行为整篇公告级别的合并记录; 未找到招标日期; 本行来自OCR识别，数值型字段准确性需人工核对
2026年甘肃省政府专项债券（十四期）新增专项债券发行公开,2026-04-16,https://www.celma.org.cn/fxqgg/68577.jhtml,fxqgg,announcement,甘肃省,62,new_special,专项新增债券,,,,,,,,,,,,,,,ocr,未能从表格解析分期明细，本行为整篇公告级别的合并记录; 未找到招标日期; 本行来自OCR识别，数值型字段准确性需人工核对
2026年江苏省2026年第五批江苏省政府债券发行（再融资一般债券）再融资债券发行公开,2026-04-16,https://www.celma.org.cn/fxqgg/68618.jhtml,fxqgg,announcement,江苏省,32,refinancing,再融资债券,一般,7Y,5.0,3.0,,123.42,2026-04-23,招标日,2026-04-24,,7.0,5.0,苏财债〔2026〕43号,2026年江苏省地方政府再融资一般债券（三期）,text,
2026年江苏省2026年第五批江苏省政府债券发行（再融资一般债券）再融资债券发行公开,2026-04-16,https://www.celma.org.cn/fxqgg/68618.jhtml,fxqgg,announcement,江苏省,32,refinancing,再融资债券,专项,15Y,5.0,6.0,,95.36,2026-04-23,招标日,2026-04-24,,7.0,5.0,苏财债〔2026〕43号,2026年江苏省地方政府再融资专项债券（六期）,text,
2026年甘肃省2026年甘肃省政府再融资一般债券（二期）再融资债券发行公开,2026-04-16,https://www.celma.org.cn/fxqgg/68580.jhtml,fxqgg,announcement,甘肃省,62,refinancing,再融资债券,一般,,,,,,,,,,,,,,ocr,未能从表格解析分期明细，本行为整篇公告级别的合并记录; 未找到招标日期; 本行来自OCR识别，数值型字段准确性需人工核对
2026年山西省2026年第三批新增专项（15年期）新增专项债券发行公开,2026-04-16,https://www.celma.org.cn/fxqgg/68571.jhtml,fxqgg,announcement,山西省,14,new_special,专项新增债券,,,3.0,,,,,,,,,,,,ocr,未能从表格解析分期明细，本行为整篇公告级别的合并记录; 未找到招标日期; 本行来自OCR识别，数值型字段准确性需人工核对
2026年甘肃省政府棚户区改造专项债券（二期）——2026年甘肃省政府专项债券（九期）新增专项债券发行公开,2026-04-16,https://www.celma.org.cn/fxqgg/68578.jhtml,fxqgg,announcement,甘肃省,62,new_special,专项新增债券,,,,,,,,,,,,,,,ocr,未能从表格解析分期明细，本行为整篇公告级别的合并记录; 未找到招标日期; 本行来自OCR识别，数值型字段准确性需人工核对
2026年江苏省2026年第五批江苏省政府债券发行（再融资一般债券）再融资债券发行公开,2026-04-16,https://www.celma.org.cn/fxqgg/68618.jhtml,fxqgg,announcement,江苏省,32,refinancing,再融资债券,一般,10Y,5.0,4.0,,290.7,2026-04-23,招标日,2026-04-24,,7.0,5.0,苏财债〔2026〕43号,2026年江苏省地方政府再融资一般债券（四期）,text,
2026年新疆维吾尔自治区2026年自治区第四批地方政府债券再融资债券发行公开,2026-04-16,https://www.celma.org.cn/fxqgg/68591.jhtml,fxqgg,announcement,新疆维吾尔自治区,65,refinancing,再融资债券,,,4.0,,,,2026-04-23,招标日,2026-04-23,,7.0,5.0,,,ocr,未能从表格解析分期明细，本行为整篇公告级别的合并记录; 本行来自OCR识别，数值型字段准确性需人工核对
2026年新疆维吾尔自治区2026年自治区第四批地方政府债券新增一般债券发行公开,2026-04-16,https://www.celma.org.cn/fxqgg/68588.jhtml,fxqgg,announcement,新疆维吾尔自治区,65,new_general,一般新增债券,,,4.0,,,,2026-04-23,招标日,2026-04-23,,7.0,5.0,,,ocr,未能从表格解析分期明细，本行为整篇公告级别的合并记录; 本行来自OCR识别，数值型字段准确性需人工核对
2026年甘肃省政府专项债券（十期）新增专项债券发行公开,2026-04-16,https://www.celma.org.cn/fxqgg/68583.jhtml,fxqgg,announcement,甘肃省,62,new_special,专项新增债券,,,,,,,,,,,,,,,ocr,未能从表格解析分期明细，本行为整篇公告级别的合并记录; 未找到招标日期; 本行来自OCR识别，数值型字段准确性需人工核对
2026年新疆维吾尔自治区2026年自治区第四批地方政府债券新增专项债券发行公开,2026-04-16,https://www.celma.org.cn/fxqgg/68590.jhtml,fxqgg,announcement,新疆维吾尔自治区,65,new_special,专项新增债券,,,4.0,,,,2026-04-23,招标日,2026-04-23,,7.0,5.0,,,ocr,未能从表格解析分期明细，本行为整篇公告级别的合并记录; 本行来自OCR识别，数值型字段准确性需人工核对
2026年甘肃省政府专项债券（十二期）新增专项债券发行公开,2026-04-16,https://www.celma.org.cn/fxqgg/68582.jhtml,fxqgg,announcement,甘肃省,62,new_special,专项新增债券,,,,,,,,,,,,,,,ocr,未能从表格解析分期明细，本行为整篇公告级别的合并记录; 未找到招标日期; 本行来自OCR识别，数值型字段准确性需人工核对
2026年江苏省2026年第五批江苏省政府债券发行（再融资专项债券）再融资债券发行公开,2026-04-16,https://www.celma.org.cn/fxqgg/68619.jhtml,fxqgg,announcement,江苏省,32,refinancing,再融资债券,专项,15Y,5.0,6.0,,95.36,2026-04-23,招标日,2026-04-24,,7.0,5.0,苏财债〔2026〕43号,2026年江苏省地方政府再融资专项债券（六期）,text,
2026年山西省2026年第三批棚改专项（10年期）新增专项债券发行公开,2026-04-16,https://www.celma.org.cn/fxqgg/68568.jhtml,fxqgg,announcement,山西省,14,new_special,专项新增债券,,,3.0,,,,,,,,,,,,ocr,未能从表格解析分期明细，本行为整篇公告级别的合并记录; 未找到招标日期; 本行来自OCR识别，数值型字段准确性需人工核对
2026年山西省2026年第三批新增一般（5年期）新增一般债券发行公开,2026-04-16,https://www.celma.org.cn/fxqgg/68569.jhtml,fxqgg,announcement,山西省,14,new_general,一般新增债券,,,3.0,,,,,,,,,,,,ocr,未能从表格解析分期明细，本行为整篇公告级别的合并记录; 未找到招标日期; 本行来自OCR识别，数值型字段准确性需人工核对
2026年甘肃省政府专项债券（十一期）新增专项债券发行公开,2026-04-16,https://www.celma.org.cn/fxqgg/68584.jhtml,fxqgg,announcement,甘肃省,62,new_special,专项新增债券,,,,,,,,,,,,,,,ocr,未能从表格解析分期明细，本行为整篇公告级别的合并记录; 未找到招标日期; 本行来自OCR识别，数值型字段准确性需人工核对
2026年江苏省2026年第五批江苏省政府债券发行（再融资专项债券）再融资债券发行公开,2026-04-16,https://www.celma.org.cn/fxqgg/68619.jhtml,fxqgg,announcement,江苏省,32,refinancing,再融资债券,专项,20Y,5.0,7.0,,220.41,2026-04-23,招标日,2026-04-24,,7.0,5.0,苏财债〔2026〕43号,2026年江苏省地方政府再融资专项债券（七期）,text,
2026年江苏省2026年第五批江苏省政府债券发行（再融资一般债券）再融资债券发行公开,2026-04-16,https://www.celma.org.cn/fxqgg/68618.jhtml,fxqgg,announcement,江苏省,32,refinancing,再融资债券,专项,20Y,5.0,7.0,,220.41,2026-04-23,招标日,2026-04-24,,7.0,5.0,苏财债〔2026〕43号,2026年江苏省地方政府再融资专项债券（七期）,text,
2026年甘肃省政府再融资专项债券（五期）再融资债券发行公开,2026-04-16,https://www.celma.org.cn/fxqgg/68581.jhtml,fxqgg,announcement,甘肃省,62,refinancing,再融资债券,专项,,,,,,,,,,,,,,ocr,未能从表格解析分期明细，本行为整篇公告级别的合并记录; 未找到招标日期; 本行来自OCR识别，数值型字段准确性需人工核对
2026年山西省2026年第三批新增专项（10年期）新增专项债券发行公开,2026-04-16,https://www.celma.org.cn/fxqgg/68570.jhtml,fxqgg,announcement,山西省,14,new_special,专项新增债券,,,3.0,,,,,,,,,,,,ocr,未能从表格解析分期明细，本行为整篇公告级别的合并记录; 未找到招标日期; 本行来自OCR识别，数值型字段准确性需人工核对
2026年甘肃省政府收费公路专项债券（二期）——2026年甘肃省政府专项债券（十三期）新增专项债券发行公开,2026-04-16,https://www.celma.org.cn/fxqgg/68579.jhtml,fxqgg,announcement,甘肃省,62,new_special,专项新增债券,,,,,,,,,,,,,,,ocr,未能从表格解析分期明细，本行为整篇公告级别的合并记录; 未找到招标日期; 本行来自OCR识别，数值型字段准确性需人工核对
2026年江西省2026第三批新增专项债券发行公开,2026-04-17,https://www.celma.org.cn/fxqgg/68611.jhtml,fxqgg,announcement,江西省,36,new_special,专项新增债券,,,3.0,,,,2026-04-24,招标日,2026-04-27,,7.0,5.0,,,ocr,未能从表格解析分期明细，本行为整篇公告级别的合并记录; 本行来自OCR识别，数值型字段准确性需人工核对
2026年四川省2026第四批次公开（0424）再融资债券发行公开,2026-04-17,https://www.celma.org.cn/fxqgg/68614.jhtml,fxqgg,announcement,四川省,51,refinancing,再融资债券,专项,,4.0,7.0,,119.6084,2026-04-24,招标日,2026-04-27,,7.0,5.0,川财债〔2026〕10 号,2026年四川省政府再融资专项债券（七期）,text,未能识别发行期限
2026年江西省2026第三批再融资债券发行公开,2026-04-17,https://www.celma.org.cn/fxqgg/68612.jhtml,fxqgg,announcement,江西省,36,refinancing,再融资债券,,,3.0,,,,2026-04-24,招标日,2026-04-27,,7.0,5.0,,,ocr,未能从表格解析分期明细，本行为整篇公告级别的合并记录; 本行来自OCR识别，数值型字段准确性需人工核对
2026年四川省2026第四批次公开（0424）再融资债券发行公开,2026-04-17,https://www.celma.org.cn/fxqgg/68614.jhtml,fxqgg,announcement,四川省,51,refinancing,再融资债券,一般,,4.0,3.0,,18.3252,2026-04-24,招标日,2026-04-27,,7.0,5.0,川财债〔2026〕10 号,2026年四川省政府再融资一般债券（三期）,text,未能识别发行期限
2026年月广东省2026年第四批新增专项债券发行公开,2026-04-20,https://www.celma.org.cn/fxqgg/68629.jhtml,fxqgg,announcement,广东省,44,,,,5Y,4.0,,,114.7973,,招标日,,,,,粤财债〔2026〕31 号,,text,未能从债券名称识别品种(一般新增/专项新增/再融资); 未找到招标日期
2026年月广东省2026年第四批新增专项债券发行公开,2026-04-20,https://www.celma.org.cn/fxqgg/68629.jhtml,fxqgg,announcement,广东省,44,,,,10Y,4.0,,,30.9936,,招标日,,,,,粤财债〔2026〕31 号,,text,未能从债券名称识别品种(一般新增/专项新增/再融资); 未找到招标日期
2026年北京市2026年4月27日公开发行专项债券新增专项债券发行公开,2026-04-20,https://www.celma.org.cn/fxqgg/68637.jhtml,fxqgg,announcement,北京市,11,new_special,专项新增债券,,,,,,4.96,2026-04-27,招标日,,,7.0,5.0,京财国库〔2026〕481 号,,text,未能从表格解析分期明细，本行为整篇公告级别的合并记录
2026年上海市2026年第三批新增专项债券发行公开,2026-04-20,https://www.celma.org.cn/fxqgg/68733.jhtml,fxqgg,announcement,上海市,31,new_special,专项新增债券,,,3.0,,,,2026-04-27,招标日,,,7.0,5.0,,,ocr,未能从表格解析分期明细，本行为整篇公告级别的合并记录; 本行来自OCR识别，数值型字段准确性需人工核对
2026年月广东省2026年第四批新增专项债券发行公开,2026-04-20,https://www.celma.org.cn/fxqgg/68629.jhtml,fxqgg,announcement,广东省,44,,,,,4.0,,,145.7909,,招标日,,,,,粤财债〔2026〕31 号,,text,未能从债券名称识别品种(一般新增/专项新增/再融资); 未能识别发行期限; 未找到招标日期
2026年陕西省2026年第二批再融资一般债券再融资债券发行公开,2026-04-21,https://www.celma.org.cn/fxqgg/68642.jhtml,fxqgg,announcement,陕西省,61,refinancing,再融资债券,一般,,2,,,,2026-04-16,招标日,,,-5,,,,ocr,未能从表格解析分期明细，本行为整篇公告级别的合并记录; 本行来自OCR识别，数值型字段准确性需人工核对; 公告发布日期晚于PDF内招标日期(负值)，可能是celma.org.cn平台镜像/上传延迟而非真实违规，建议核对省级财政厅官网原始发布时间
2026年安徽省政府新增一般债券（一期）发行公开,2026-04-21,https://www.celma.org.cn/fxqgg/68680.jhtml,fxqgg,announcement,安徽省,34,new_general,一般新增债券,,,,,,,2026-04-28,招标日,2026-04-29,,7.0,5.0,,,ocr,未能从表格解析分期明细，本行为整篇公告级别的合并记录; 本行来自OCR识别，数值型字段准确性需人工核对
2026年天津市2026年第三批新增专项债券发行公开,2026-04-21,https://www.celma.org.cn/fxqgg/68661.jhtml,fxqgg,announcement,天津市,12,new_special,专项新增债券,,,3,,,,2026-04-28,招标日,2026-04-29,,7,5.0,,,ocr,未能从表格解析分期明细，本行为整篇公告级别的合并记录; 本行来自OCR识别，数值型字段准确性需人工核对
2026年陕西省2026年第三批再融资专项债券再融资债券发行公开,2026-04-21,https://www.celma.org.cn/fxqgg/68640.jhtml,fxqgg,announcement,陕西省,61,refinancing,再融资债券,专项,,3.0,,,,2026-04-16,招标日,,,-5.0,,,,ocr,未能从表格解析分期明细，本行为整篇公告级别的合并记录; 本行来自OCR识别，数值型字段准确性需人工核对; 公告发布日期晚于PDF内招标日期(负值)，可能是celma.org.cn平台镜像/上传延迟而非真实违规，建议核对省级财政厅官网原始发布时间
2026年天津市2026年第三批新增一般债券发行公开,2026-04-21,https://www.celma.org.cn/fxqgg/68660.jhtml,fxqgg,announcement,天津市,12,new_general,一般新增债券,,,3,,,,2026-04-28,招标日,2026-04-29,,7,5.0,,,ocr,未能从表格解析分期明细，本行为整篇公告级别的合并记录; 本行来自OCR识别，数值型字段准确性需人工核对
2026年安徽省政府新增专项债券（十九至二十八期）发行公开,2026-04-21,https://www.celma.org.cn/fxqgg/68679.jhtml,fxqgg,announcement,安徽省,34,new_special,专项新增债券,,,,,,,2026-04-28,招标日,2026-04-29,,7.0,5.0,,,ocr,未能从表格解析分期明细，本行为整篇公告级别的合并记录; 本行来自OCR识别，数值型字段准确性需人工核对
2026年天津市2026年第三批再融资债券发行公开,2026-04-21,https://www.celma.org.cn/fxqgg/68662.jhtml,fxqgg,announcement,天津市,12,refinancing,再融资债券,,,3,,,,2026-04-28,招标日,2026-04-29,,7,5.0,,,ocr,未能从表格解析分期明细，本行为整篇公告级别的合并记录; 本行来自OCR识别，数值型字段准确性需人工核对
2026年大连市2026年第三批再融资债券发行公开,2026-04-21,https://www.celma.org.cn/fxqgg/68655.jhtml,fxqgg,announcement,大连市,2102,refinancing,再融资债券,,,3,,,,2026-04-29,招标日,2026-04-29,,8,6.0,,,ocr,未能从表格解析分期明细，本行为整篇公告级别的合并记录; 本行来自OCR识别，数值型字段准确性需人工核对
2026年西藏自治区2026再融资债券专项第二批再融资债券发行公开,2026-04-22,https://www.celma.org.cn/fxqgg/68672.jhtml,fxqgg,announcement,西藏自治区,54,,,,30Y,2,,,32.645,2026-04-27,招标日,2026-04-28,,5,3.0,藏财债〔2026〕19 号,,text,未能从债券名称识别品种(一般新增/专项新增/再融资)
2026年西藏自治区2026再融资债券一般第一批再融资债券发行公开,2026-04-22,https://www.celma.org.cn/fxqgg/68671.jhtml,fxqgg,announcement,西藏自治区,54,,,,30Y,1,,,32.645,2026-04-27,招标日,2026-04-28,,5,3.0,藏财债〔2026〕19 号,,text,未能从债券名称识别品种(一般新增/专项新增/再融资)
2026年西藏自治区2026再融资债券专项第二批再融资债券发行公开,2026-04-22,https://www.celma.org.cn/fxqgg/68672.jhtml,fxqgg,announcement,西藏自治区,54,,,,5Y,2,,,10.0,2026-04-27,招标日,2026-04-28,,5,3.0,藏财债〔2026〕19 号,,text,未能从债券名称识别品种(一般新增/专项新增/再融资)
2026年西藏自治区2026再融资债券一般第一批再融资债券发行公开,2026-04-22,https://www.celma.org.cn/fxqgg/68671.jhtml,fxqgg,announcement,西藏自治区,54,,,,5Y,1,,,10.0,2026-04-27,招标日,2026-04-28,,5,3.0,藏财债〔2026〕19 号,,text,未能从债券名称识别品种(一般新增/专项新增/再融资)
2026年吉林省2026年第2批公开发行新增专项债券发行公开,2026-04-22,https://www.celma.org.cn/fxqgg/68777.jhtml,fxqgg,announcement,吉林省,22,new_special,专项新增债券,,,2,,,,2026-04-29,招标日,2026-04-30,,7,5.0,,,ocr,未能从表格解析分期明细，本行为整篇公告级别的合并记录; 本行来自OCR识别，数值型字段准确性需人工核对
2026年吉林省2026年第2批公开发行新增一般债券发行公开,2026-04-22,https://www.celma.org.cn/fxqgg/68776.jhtml,fxqgg,announcement,吉林省,22,new_general,一般新增债券,,,2,,,,2026-04-29,招标日,2026-04-30,,7,5.0,,,ocr,未能从表格解析分期明细，本行为整篇公告级别的合并记录; 本行来自OCR识别，数值型字段准确性需人工核对
2026年吉林省2026年第2批公开发行再融资债券发行公开,2026-04-22,https://www.celma.org.cn/fxqgg/68778.jhtml,fxqgg,announcement,吉林省,22,refinancing,再融资债券,,,2,,,,2026-04-29,招标日,2026-04-30,,7,5.0,,,ocr,未能从表格解析分期明细，本行为整篇公告级别的合并记录; 本行来自OCR识别，数值型字段准确性需人工核对
2026年贵州省2026年第三批新增一般债券发行公开,2026-04-28,https://www.celma.org.cn/fxqgg/68740.jhtml,fxqgg,announcement,贵州省,52,new_general,一般新增债券,,,3,,,634.5786,2026-04-09,招标日,2026-04-10,,-19,,,,ocr,未能从表格解析分期明细，本行为整篇公告级别的合并记录; 本行来自OCR识别，数值型字段准确性需人工核对; 公告发布日期晚于PDF内招标日期(负值)，可能是celma.org.cn平台镜像/上传延迟而非真实违规，建议核对省级财政厅官网原始发布时间
2026年福建省2026年第七批（土储）新增专项债券发行公开,2026-04-28,https://www.celma.org.cn/fxqgg/68731.jhtml,fxqgg,announcement,福建省,35,new_special,专项新增债券,,,7,,,,2026-05-08,招标日,2026-05-11,,10,5.0,,,ocr,未能从表格解析分期明细，本行为整篇公告级别的合并记录; 本行来自OCR识别，数值型字段准确性需人工核对
2026年重庆市2026年五月第一批债券新增专项债券发行公开,2026-04-28,https://www.celma.org.cn/fxqgg/68742.jhtml,fxqgg,announcement,重庆市,50,new_special,专项新增债券,,,1.0,,,335.0,2026-05-08,招标日,,,10.0,5.0,,,ocr,未能从表格解析分期明细，本行为整篇公告级别的合并记录; 本行来自OCR识别，数值型字段准确性需人工核对
2026年重庆市2026年五月第一批债券再融资债券发行公开,2026-04-28,https://www.celma.org.cn/fxqgg/68901.jhtml,fxqgg,announcement,重庆市,50,refinancing,再融资债券,,,1,,,335.0,2026-05-08,招标日,,,10,5.0,,,ocr,未能从表格解析分期明细，本行为整篇公告级别的合并记录; 本行来自OCR识别，数值型字段准确性需人工核对
2026年重庆市2026年五月第一批债券新增一般债券发行公开,2026-04-28,https://www.celma.org.cn/fxqgg/68741.jhtml,fxqgg,announcement,重庆市,50,new_general,一般新增债券,,,1,,,335.0,2026-05-08,招标日,,,10,5.0,,,ocr,未能从表格解析分期明细，本行为整篇公告级别的合并记录; 本行来自OCR识别，数值型字段准确性需人工核对
2026年贵州省2026年第三批新增一般债券发行公开,2026-04-28,https://www.celma.org.cn/fxqgg/68739.jhtml,fxqgg,announcement,贵州省,52,new_general,一般新增债券,,,3,,,634.5786,2026-04-09,招标日,2026-04-10,,-19,,,,ocr,未能从表格解析分期明细，本行为整篇公告级别的合并记录; 本行来自OCR识别，数值型字段准确性需人工核对; 公告发布日期晚于PDF内招标日期(负值)，可能是celma.org.cn平台镜像/上传延迟而非真实违规，建议核对省级财政厅官网原始发布时间
2026年新疆维吾尔自治区2026年自治区第五批地方政府债券新增一般债券发行公开,2026-04-30,https://www.celma.org.cn/fxqgg/68755.jhtml,fxqgg,announcement,新疆维吾尔自治区,65,new_general,一般新增债券,,,5.0,,,,2026-05-11,招标日,2026-05-11,,11.0,5.0,,,ocr,未能从表格解析分期明细，本行为整篇公告级别的合并记录; 本行来自OCR识别，数值型字段准确性需人工核对
2026年新疆维吾尔自治区2026年自治区第五批地方政府债券新增专项债券发行公开,2026-04-30,https://www.celma.org.cn/fxqgg/68756.jhtml,fxqgg,announcement,新疆维吾尔自治区,65,new_special,专项新增债券,,,5.0,,,,2026-05-11,招标日,2026-05-11,,11.0,5.0,,,ocr,未能从表格解析分期明细，本行为整篇公告级别的合并记录; 本行来自OCR识别，数值型字段准确性需人工核对
2026年辽宁省2026第五批再融资债券发行公开,2026-04-30,https://www.celma.org.cn/fxqgg/68748.jhtml,fxqgg,announcement,辽宁省,21,refinancing,再融资债券,一般,,5.0,4.0,,47.14,2026-04-16,招标日,2026-04-17,,-14.0,,辽财债管〔2026〕89 号,2026年辽宁省地方政府再融资一般债券（四期）,text,未能识别发行期限; 公告发布日期晚于PDF内招标日期(负值)，可能是celma.org.cn平台镜像/上传延迟而非真实违规，建议核对省级财政厅官网原始发布时间
2026年湖北省2026年湖北省第五批-再融资一般第四批再融资债券发行公开,2026-05-06,https://www.celma.org.cn/fxqgg/68768.jhtml,fxqgg,announcement,湖北省,42,refinancing,再融资债券,一般,,5.0,,,,2026-05-12,招标日,2026-05-13,,6.0,5.0,,,ocr,未能从表格解析分期明细，本行为整篇公告级别的合并记录; 本行来自OCR识别，数值型字段准确性需人工核对
2026年陕西省2026年第四批新增一般债券新增一般债券发行公开,2026-05-06,https://www.celma.org.cn/fxqgg/68765.jhtml,fxqgg,announcement,陕西省,61,new_general,一般新增债券,,10Y,4.0,4.0,,12.83,2026-04-29,招标日,,,-7.0,,陕财办政债〔2026〕42 号,2026年陕西省政府一般债券(四期),text,公告发布日期晚于PDF内招标日期(负值)，可能是celma.org.cn平台镜像/上传延迟而非真实违规，建议核对省级财政厅官网原始发布时间
2026年湖北省2026年湖北省第五批新增专项新增专项债券发行公开,2026-05-06,https://www.celma.org.cn/fxqgg/68770.jhtml,fxqgg,announcement,湖北省,42,new_special,专项新增债券,,,5.0,,,,2026-05-12,招标日,2026-05-13,,6.0,5.0,,,ocr,未能从表格解析分期明细，本行为整篇公告级别的合并记录; 本行来自OCR识别，数值型字段准确性需人工核对
2026年湖北省2026年湖北省第五批-再融资专项第五批再融资债券发行公开,2026-05-06,https://www.celma.org.cn/fxqgg/68769.jhtml,fxqgg,announcement,湖北省,42,refinancing,再融资债券,专项,,5.0,,,,2026-05-12,招标日,2026-05-13,,6.0,5.0,,,ocr,未能从表格解析分期明细，本行为整篇公告级别的合并记录; 本行来自OCR识别，数值型字段准确性需人工核对
2026年宁夏回族自治区新增专项债券（八至十一期）发行公开,2026-05-06,https://www.celma.org.cn/fxqgg/68759.jhtml,fxqgg,announcement,宁夏回族自治区,64,new_special,专项新增债券,,,,,,47.8955,2026-05-15,招标日,,,9.0,8.0,,,ocr,未能从表格解析分期明细，本行为整篇公告级别的合并记录; 本行来自OCR识别，数值型字段准确性需人工核对
2026年陕西省2026年第四批再融资专项债券（特殊再融资）再融资债券发行公开,2026-05-06,https://www.celma.org.cn/fxqgg/68761.jhtml,fxqgg,announcement,陕西省,61,refinancing,再融资债券,专项,30Y,4.0,5.0,,29.9235,2026-04-29,招标日,,,-7.0,,陕财办政债〔2026〕44 号,2026年陕西省地方政府再融资专项债券(五期）,text,公告发布日期晚于PDF内招标日期(负值)，可能是celma.org.cn平台镜像/上传延迟而非真实违规，建议核对省级财政厅官网原始发布时间
2026年厦门市2026年第二批再融资再融资债券发行公开,2026-05-08,https://www.celma.org.cn/fxqgg/68786.jhtml,fxqgg,announcement,厦门市,3502,refinancing,再融资债券,,,2.0,,,,,,2026-05-15,,,,,,ocr,未能从表格解析分期明细，本行为整篇公告级别的合并记录; 未找到招标日期; 本行来自OCR识别，数值型字段准确性需人工核对
2026年河南省2026年河南省专项债券（二十二期）20年新增专项债券发行公开,2026-05-08,https://www.celma.org.cn/fxqgg/68876.jhtml,fxqgg,announcement,河南省,41,,,,,,,,112.71,,招标日,,,,,,,text,未能从债券名称识别品种(一般新增/专项新增/再融资); 未能识别发行期限; 未找到招标日期
2026年河南省2026年河南省政府再融资专项债券（十期）30年再融资债券发行公开,2026-05-08,https://www.celma.org.cn/fxqgg/68830.jhtml,fxqgg,announcement,河南省,41,,,,,,,,112.71,,招标日,,,,,,,text,未能从债券名称识别品种(一般新增/专项新增/再融资); 未能识别发行期限; 未找到招标日期
2026年河南省2026年河南省政府再融资专项债券（九期）15年再融资债券发行公开,2026-05-08,https://www.celma.org.cn/fxqgg/68782.jhtml,fxqgg,announcement,河南省,41,,,,,,,,112.71,,招标日,,,,,,,text,未能从债券名称识别品种(一般新增/专项新增/再融资); 未能识别发行期限; 未找到招标日期
2026年河南省2026年河南省政府再融资专项债券（八期）15年再融资债券发行公开,2026-05-08,https://www.celma.org.cn/fxqgg/68781.jhtml,fxqgg,announcement,河南省,41,,,,,,,,112.71,,招标日,,,,,,,text,未能从债券名称识别品种(一般新增/专项新增/再融资); 未能识别发行期限; 未找到招标日期
2026年云南省2026年第六批再融资债券发行公开,2026-05-09,https://www.celma.org.cn/fxqgg/68787.jhtml,fxqgg,announcement,云南省,53,refinancing,再融资债券,,,6.0,,,,2026-05-15,招标日,,,6.0,5.0,,,ocr,未能从表格解析分期明细，本行为整篇公告级别的合并记录; 本行来自OCR识别，数值型字段准确性需人工核对
2026年河北省2026年第八批再融资债券发行公开,2026-05-09,https://www.celma.org.cn/fxqgg/68793.jhtml,fxqgg,announcement,河北省,13,refinancing,再融资债券,,,8.0,,,122.95,2026-05-15,招标日,,,6.0,5.0,,,ocr,未能从表格解析分期明细，本行为整篇公告级别的合并记录; 本行来自OCR识别，数值型字段准确性需人工核对
2026年青海省2026年第二批新增专项债券发行公开,2026-05-12,https://www.celma.org.cn/fxqgg/68817.jhtml,fxqgg,announcement,青海省,63,new_special,专项新增债券,,,2.0,,,,2026-05-19,招标日,,,7.0,5.0,,,ocr,未能从表格解析分期明细，本行为整篇公告级别的合并记录; 本行来自OCR识别，数值型字段准确性需人工核对
2026年贵州省2026年第四批再融资债券发行公开,2026-05-12,https://www.celma.org.cn/fxqgg/68815.jhtml,fxqgg,announcement,贵州省,52,refinancing,再融资债券,,,4.0,,,249.8287,2026-05-19,招标日,2026-05-20,,7.0,5.0,,,ocr,未能从表格解析分期明细，本行为整篇公告级别的合并记录; 本行来自OCR识别，数值型字段准确性需人工核对
2026年青海省2026年第二批再融资债券发行公开,2026-05-12,https://www.celma.org.cn/fxqgg/68818.jhtml,fxqgg,announcement,青海省,63,refinancing,再融资债券,,,2.0,,,,2026-05-19,招标日,,,7.0,5.0,,,ocr,未能从表格解析分期明细，本行为整篇公告级别的合并记录; 本行来自OCR识别，数值型字段准确性需人工核对
2026年青海省2026年第二批新增一般债券发行公开,2026-05-12,https://www.celma.org.cn/fxqgg/68816.jhtml,fxqgg,announcement,青海省,63,new_general,一般新增债券,,,2.0,,,,2026-05-19,招标日,,,7.0,5.0,,,ocr,未能从表格解析分期明细，本行为整篇公告级别的合并记录; 本行来自OCR识别，数值型字段准确性需人工核对
2026年河南省2026年河南省政府再融资专项债券（十一期）15年再融资债券发行公开,2026-05-13,https://www.celma.org.cn/fxqgg/68828.jhtml,fxqgg,announcement,河南省,41,,,,,,,,1.36,,招标日,,,,,,,text,未能从债券名称识别品种(一般新增/专项新增/再融资); 未能识别发行期限; 未找到招标日期
2026年内蒙古自治区2026年内蒙古自治区政府再融资一般债券（三期）再融资债券发行公开,2026-05-13,https://www.celma.org.cn/fxqgg/68831.jhtml,fxqgg,announcement,内蒙古自治区,15,refinancing,再融资债券,一般,,,,,,2026-05-20,招标日,2026-05-20,,7.0,5.0,内财债函〔2026〕282 号,,text,未能从表格解析分期明细，本行为整篇公告级别的合并记录
2026年河南省2026年河南省政府专项债券（二十六期）20年新增专项债券发行公开,2026-05-13,https://www.celma.org.cn/fxqgg/69019.jhtml,fxqgg,announcement,河南省,41,,,,,,,,1.36,,招标日,,,,,,,text,未能从债券名称识别品种(一般新增/专项新增/再融资); 未能识别发行期限; 未找到招标日期
2026年河南省2026年河南省棚改专项债券（九期）10年新增专项债券发行公开,2026-05-13,https://www.celma.org.cn/fxqgg/68827.jhtml,fxqgg,announcement,河南省,41,,,,,,,,1.36,,招标日,,,,,,,text,未能从债券名称识别品种(一般新增/专项新增/再融资); 未能识别发行期限; 未找到招标日期
2026年河南省2026年河南省政府一般债券（六期）10年新增一般债券发行公开,2026-05-13,https://www.celma.org.cn/fxqgg/69099.jhtml,fxqgg,announcement,河南省,41,,,,,,,,1.36,,招标日,,,,,,,text,未能从债券名称识别品种(一般新增/专项新增/再融资); 未能识别发行期限; 未找到招标日期
2026年河南省2026年河南省政府再融资一般债券（五期）7年再融资债券发行公开,2026-05-13,https://www.celma.org.cn/fxqgg/68910.jhtml,fxqgg,announcement,河南省,41,,,,,,,,1.36,,招标日,,,,,,,text,未能从债券名称识别品种(一般新增/专项新增/再融资); 未能识别发行期限; 未找到招标日期
2026年河南省2026年河南省棚改专项债券（七期）5年新增专项债券发行公开,2026-05-13,https://www.celma.org.cn/fxqgg/68825.jhtml,fxqgg,announcement,河南省,41,,,,,,,,1.36,,招标日,,,,,,,text,未能从债券名称识别品种(一般新增/专项新增/再融资); 未能识别发行期限; 未找到招标日期
2026年浙江省2026年第六次公开发行新增专项债券发行公开,2026-05-13,https://www.celma.org.cn/fxqgg/68833.jhtml,fxqgg,announcement,浙江省,33,new_special,专项新增债券,,,,,,,2026-05-21,招标日,2026-05-22,,8.0,6.0,,,ocr,未能从表格解析分期明细，本行为整篇公告级别的合并记录; 本行来自OCR识别，数值型字段准确性需人工核对
2026年河南省2026年河南省政府专项债券（二十七期）15年新增专项债券发行公开,2026-05-13,https://www.celma.org.cn/fxqgg/68823.jhtml,fxqgg,announcement,河南省,41,,,,,,,,1.36,,招标日,,,,,,,text,未能从债券名称识别品种(一般新增/专项新增/再融资); 未能识别发行期限; 未找到招标日期
2026年浙江省2026年第六次公开发行再融资债券发行公开,2026-05-13,https://www.celma.org.cn/fxqgg/68832.jhtml,fxqgg,announcement,浙江省,33,refinancing,再融资债券,,,,,,,2026-05-21,招标日,2026-05-22,,8.0,6.0,,,ocr,未能从表格解析分期明细，本行为整篇公告级别的合并记录; 本行来自OCR识别，数值型字段准确性需人工核对
2026年河南省2026年河南省政府专项债券（二十八期）30年新增专项债券发行公开,2026-05-13,https://www.celma.org.cn/fxqgg/68824.jhtml,fxqgg,announcement,河南省,41,,,,,,,,1.36,,招标日,,,,,,,text,未能从债券名称识别品种(一般新增/专项新增/再融资); 未能识别发行期限; 未找到招标日期
2026年河南省2026年河南省政府再融资专项债券（十二期）10年再融资债券发行公开,2026-05-13,https://www.celma.org.cn/fxqgg/68829.jhtml,fxqgg,announcement,河南省,41,,,,,,,,1.36,,招标日,,,,,,,text,未能从债券名称识别品种(一般新增/专项新增/再融资); 未能识别发行期限; 未找到招标日期
2026年河南省2026年河南省棚改专项债券（八期）7年新增专项债券发行公开,2026-05-13,https://www.celma.org.cn/fxqgg/68826.jhtml,fxqgg,announcement,河南省,41,,,,,,,,1.36,,招标日,,,,,,,text,未能从债券名称识别品种(一般新增/专项新增/再融资); 未能识别发行期限; 未找到招标日期
2026年深圳市2026年第二批再融资一般债再融资债券发行公开,2026-05-14,https://www.celma.org.cn/fxqgg/68838.jhtml,fxqgg,announcement,深圳市,4403,refinancing,再融资债券,一般,,2.0,,,,2026-05-22,招标日,2026-05-22,,8.0,6.0,,,ocr,未能从表格解析分期明细，本行为整篇公告级别的合并记录; 本行来自OCR识别，数值型字段准确性需人工核对
2026年深圳市2026年第三批专项债新增专项债券发行公开,2026-05-14,https://www.celma.org.cn/fxqgg/68837.jhtml,fxqgg,announcement,深圳市,4403,new_special,专项新增债券,,,3.0,,,,2026-05-22,招标日,2026-05-22,,8.0,6.0,,,ocr,未能从表格解析分期明细，本行为整篇公告级别的合并记录; 本行来自OCR识别，数值型字段准确性需人工核对
2026年深圳市2026年第二批再融资专项债再融资债券发行公开,2026-05-14,https://www.celma.org.cn/fxqgg/68839.jhtml,fxqgg,announcement,深圳市,4403,refinancing,再融资债券,专项,,2.0,,,,2026-05-22,招标日,2026-05-22,,8.0,6.0,,,ocr,未能从表格解析分期明细，本行为整篇公告级别的合并记录; 本行来自OCR识别，数值型字段准确性需人工核对
2026年福建省2026年第八批（土储）新增专项债券发行公开,2026-05-15,https://www.celma.org.cn/fxqgg/68846.jhtml,fxqgg,announcement,福建省,35,new_special,专项新增债券,,,8.0,,,,2026-05-22,招标日,2026-05-25,,7.0,5.0,,,ocr,未能从表格解析分期明细，本行为整篇公告级别的合并记录; 本行来自OCR识别，数值型字段准确性需人工核对
2026年宁波市第四批再融资债券发行公开,2026-05-15,https://www.celma.org.cn/fxqgg/68869.jhtml,fxqgg,announcement,宁波市,3302,refinancing,再融资债券,一般,,4.0,1.0,,101.2374,2026-05-22,招标日,,,7.0,5.0,甬财库〔2026〕470 号,2026年宁波市地方政府再融资一般债券（一期）,text,未能识别发行期限
2026年新疆维吾尔自治区2026年自治区第六批地方政府债券新增一般债券发行公开,2026-05-15,https://www.celma.org.cn/fxqgg/68867.jhtml,fxqgg,announcement,新疆维吾尔自治区,65,new_general,一般新增债券,,,6.0,,,,2026-05-22,招标日,2026-05-22,,7.0,5.0,,,ocr,未能从表格解析分期明细，本行为整篇公告级别的合并记录; 本行来自OCR识别，数值型字段准确性需人工核对
2026年山东省第四批新增专项（二十九期）新增专项债券发行公开,2026-05-18,https://www.celma.org.cn/fxqgg/68893.jhtml,fxqgg,announcement,山东省,37,new_special,专项新增债券,,,4.0,26.0,,26.81,2026-05-25,招标日,,,7,5,鲁财库〔2026〕22 号,2026 年山东省政府专项债券（二十六期）,text,未能识别发行期限
2026年山东省第五批新增专项（二十四期-二十八期）新增专项债券发行公开,2026-05-18,https://www.celma.org.cn/fxqgg/68892.jhtml,fxqgg,announcement,山东省,37,new_special,专项新增债券,,,5.0,27.0,,2.04,2026-05-25,招标日,,,7,5,鲁财库〔2026〕22 号,2026 年山东省政府专项债券（二十七期）,text,未能识别发行期限
2026年山东省第七批再融资专项（十九期）再融资债券发行公开,2026-05-18,https://www.celma.org.cn/fxqgg/68896.jhtml,fxqgg,announcement,山东省,37,refinancing,再融资债券,专项,,7.0,19.0,,115.77,2026-05-25,招标日,,,7,5,鲁财库〔2026〕24 号,2026 年山东省地方政府再融资专项债券（十九期）,text,未能识别发行期限
2026年山东省第二批新增一般债券发行公开,2026-05-18,https://www.celma.org.cn/fxqgg/68894.jhtml,fxqgg,announcement,山东省,37,new_general,一般新增债券,,,2.0,2.0,,22.8,2026-05-25,招标日,,,7,5,鲁财库〔2026〕21 号,2026 年山东省政府一般债券（二期）,text,未能识别发行期限
2026年山东省第五批新增专项（二十四期-二十八期）新增专项债券发行公开,2026-05-18,https://www.celma.org.cn/fxqgg/68892.jhtml,fxqgg,announcement,山东省,37,new_special,专项新增债券,,,5.0,26.0,,26.81,2026-05-25,招标日,,,7,5,鲁财库〔2026〕22 号,2026 年山东省政府专项债券（二十六期）,text,未能识别发行期限
2026年山东省第四批新增专项（二十九期）新增专项债券发行公开,2026-05-18,https://www.celma.org.cn/fxqgg/68893.jhtml,fxqgg,announcement,山东省,37,new_special,专项新增债券,,,4.0,29.0,,5.48,2026-05-25,招标日,,,7,5,鲁财库〔2026〕22 号,2026 年山东省政府专项债券（二十九期）,text,未能识别发行期限
2026年山东省第四批新增专项（二十九期）新增专项债券发行公开,2026-05-18,https://www.celma.org.cn/fxqgg/68893.jhtml,fxqgg,announcement,山东省,37,new_special,专项新增债券,,,4.0,25.0,,49.99,2026-05-25,招标日,,,7,5,鲁财库〔2026〕22 号,2026 年山东省政府专项债券（二十五期）,text,未能识别发行期限
2026年广西壮族自治区2026年5月再融资专项债券批次再融资债券发行公开,2026-05-18,https://www.celma.org.cn/fxqgg/68887.jhtml,fxqgg,announcement,广西壮族自治区,45,,,,,,,,98.93,2026-05-25,招标日,,,7.0,5.0,桂财库〔2026〕36 号,,text,未能从债券名称识别品种(一般新增/专项新增/再融资); 未能识别发行期限
2026年山东省第七批再融资专项（二十期-二十二期）再融资债券发行公开,2026-05-18,https://www.celma.org.cn/fxqgg/68897.jhtml,fxqgg,announcement,山东省,37,refinancing,再融资债券,专项,,7.0,21.0,,57.0,2026-05-25,招标日,,,7,5,鲁财库〔2026〕24 号,2026 年山东省地方政府再融资专项债券（二十一期）,text,未能识别发行期限
2026年山东省第五批新增专项（二十四期-二十八期）新增专项债券发行公开,2026-05-18,https://www.celma.org.cn/fxqgg/68892.jhtml,fxqgg,announcement,山东省,37,new_special,专项新增债券,,,5.0,28.0,,3.86,2026-05-25,招标日,,,7,5,鲁财库〔2026〕22 号,2026 年山东省政府专项债券（二十八期）,text,未能识别发行期限
2026年山东省第七批再融资专项（二十期-二十二期）再融资债券发行公开,2026-05-18,https://www.celma.org.cn/fxqgg/68897.jhtml,fxqgg,announcement,山东省,37,refinancing,再融资债券,专项,,7.0,19.0,,115.77,2026-05-25,招标日,,,7,5,鲁财库〔2026〕24 号,2026 年山东省地方政府再融资专项债券（十九期）,text,未能识别发行期限
2026年山东省第七批再融资专项（十九期）再融资债券发行公开,2026-05-18,https://www.celma.org.cn/fxqgg/68896.jhtml,fxqgg,announcement,山东省,37,refinancing,再融资债券,专项,,7.0,21.0,,57.0,2026-05-25,招标日,,,7,5,鲁财库〔2026〕24 号,2026 年山东省地方政府再融资专项债券（二十一期）,text,未能识别发行期限
2026年山东省第五批新增专项（二十四期-二十八期）新增专项债券发行公开,2026-05-18,https://www.celma.org.cn/fxqgg/68892.jhtml,fxqgg,announcement,山东省,37,new_special,专项新增债券,,,5.0,25.0,,49.99,2026-05-25,招标日,,,7,5,鲁财库〔2026〕22 号,2026 年山东省政府专项债券（二十五期）,text,未能识别发行期限
2026年广西壮族自治区2026年5月再融资一般债券批次（二）再融资债券发行公开,2026-05-18,https://www.celma.org.cn/fxqgg/68886.jhtml,fxqgg,announcement,广西壮族自治区,45,,,,,,,,98.93,2026-05-25,招标日,,,7.0,5.0,桂财库〔2026〕36 号,,text,未能从债券名称识别品种(一般新增/专项新增/再融资); 未能识别发行期限
2026年山东省第四批再融资一般债券发行公开,2026-05-18,https://www.celma.org.cn/fxqgg/68895.jhtml,fxqgg,announcement,山东省,37,refinancing,再融资债券,一般,,4.0,4.0,,8.09,2026-05-25,招标日,,,7,5,鲁财库〔2026〕23 号,2026 年山东省地方政府再融资一般债券（四期）,text,未能识别发行期限
2026年山东省第四批新增专项（二十九期）新增专项债券发行公开,2026-05-18,https://www.celma.org.cn/fxqgg/68893.jhtml,fxqgg,announcement,山东省,37,new_special,专项新增债券,,,4.0,28.0,,3.86,2026-05-25,招标日,,,7,5,鲁财库〔2026〕22 号,2026 年山东省政府专项债券（二十八期）,text,未能识别发行期限
2026年山东省第七批再融资专项（二十期-二十二期）再融资债券发行公开,2026-05-18,https://www.celma.org.cn/fxqgg/68897.jhtml,fxqgg,announcement,山东省,37,refinancing,再融资债券,专项,,7.0,20.0,,6.38,2026-05-25,招标日,,,7,5,鲁财库〔2026〕24 号,2026 年山东省地方政府再融资专项债券（二十期）,text,未能识别发行期限
2026年山东省第七批再融资专项（二十期-二十二期）再融资债券发行公开,2026-05-18,https://www.celma.org.cn/fxqgg/68897.jhtml,fxqgg,announcement,山东省,37,refinancing,再融资债券,专项,,7.0,22.0,,46.61,2026-05-25,招标日,,,7,5,鲁财库〔2026〕24 号,2026 年山东省地方政府再融资专项债券（二十二期）,text,未能识别发行期限
2026年广西壮族自治区2026年5月再融资一般债券批次（一）再融资债券发行公开,2026-05-18,https://www.celma.org.cn/fxqgg/68885.jhtml,fxqgg,announcement,广西壮族自治区,45,,,,,,,,98.93,2026-05-25,招标日,,,7.0,5.0,桂财库〔2026〕36 号,,text,未能从债券名称识别品种(一般新增/专项新增/再融资); 未能识别发行期限
2026年山东省第四批新增专项（二十九期）新增专项债券发行公开,2026-05-18,https://www.celma.org.cn/fxqgg/68893.jhtml,fxqgg,announcement,山东省,37,new_special,专项新增债券,,,4.0,24.0,,5.32,2026-05-25,招标日,,,7,5,鲁财库〔2026〕22 号,2026 年山东省政府专项债券（二十四期）,text,未能识别发行期限
2026年山东省第四批新增专项（二十九期）新增专项债券发行公开,2026-05-18,https://www.celma.org.cn/fxqgg/68893.jhtml,fxqgg,announcement,山东省,37,new_special,专项新增债券,,,4.0,27.0,,2.04,2026-05-25,招标日,,,7,5,鲁财库〔2026〕22 号,2026 年山东省政府专项债券（二十七期）,text,未能识别发行期限
2026年山东省第七批再融资专项（十九期）再融资债券发行公开,2026-05-18,https://www.celma.org.cn/fxqgg/68896.jhtml,fxqgg,announcement,山东省,37,refinancing,再融资债券,专项,,7.0,20.0,,6.38,2026-05-25,招标日,,,7,5,鲁财库〔2026〕24 号,2026 年山东省地方政府再融资专项债券（二十期）,text,未能识别发行期限
2026年广西壮族自治区2026年5月新增专项债券批次新增专项债券发行公开,2026-05-18,https://www.celma.org.cn/fxqgg/68883.jhtml,fxqgg,announcement,广西壮族自治区,45,,,,,,,,50.0,2026-05-25,招标日,,,7.0,5.0,桂财库〔2026〕35 号,,text,未能从债券名称识别品种(一般新增/专项新增/再融资); 未能识别发行期限
2026年山东省第五批新增专项（二十四期-二十八期）新增专项债券发行公开,2026-05-18,https://www.celma.org.cn/fxqgg/68892.jhtml,fxqgg,announcement,山东省,37,new_special,专项新增债券,,,5.0,24.0,,5.32,2026-05-25,招标日,,,7,5,鲁财库〔2026〕22 号,2026 年山东省政府专项债券（二十四期）,text,未能识别发行期限
2026年山东省第五批新增专项（二十四期-二十八期）新增专项债券发行公开,2026-05-18,https://www.celma.org.cn/fxqgg/68892.jhtml,fxqgg,announcement,山东省,37,new_special,专项新增债券,,,5.0,29.0,,5.48,2026-05-25,招标日,,,7,5,鲁财库〔2026〕22 号,2026 年山东省政府专项债券（二十九期）,text,未能识别发行期限
2026年山东省第七批再融资专项（十九期）再融资债券发行公开,2026-05-18,https://www.celma.org.cn/fxqgg/68896.jhtml,fxqgg,announcement,山东省,37,refinancing,再融资债券,专项,,7.0,22.0,,46.61,2026-05-25,招标日,,,7,5,鲁财库〔2026〕24 号,2026 年山东省地方政府再融资专项债券（二十二期）,text,未能识别发行期限
2026年天津市2026年第四批再融资债券发行公开,2026-05-19,https://www.celma.org.cn/fxqgg/68943.jhtml,fxqgg,announcement,天津市,12,refinancing,再融资债券,,,4.0,,,,2026-05-26,招标日,2026-05-27,,7,5,,,ocr,未能从表格解析分期明细，本行为整篇公告级别的合并记录; 本行来自OCR识别，数值型字段准确性需人工核对
2026年内蒙古自治区2026年内蒙古自治区政府再融资一般债券（四期）再融资债券发行公开,2026-05-19,https://www.celma.org.cn/fxqgg/68928.jhtml,fxqgg,announcement,内蒙古自治区,15,refinancing,再融资债券,一般,,,,,,2026-05-26,招标日,2026-05-26,,7,5,内财债函〔2026〕281 号,,text,未能从表格解析分期明细，本行为整篇公告级别的合并记录
2026年天津市2026年第四批新增专项债券发行公开,2026-05-19,https://www.celma.org.cn/fxqgg/68944.jhtml,fxqgg,announcement,天津市,12,new_special,专项新增债券,,,4.0,,,,2026-05-26,招标日,2026-05-27,,7,5,,,ocr,未能从表格解析分期明细，本行为整篇公告级别的合并记录; 本行来自OCR识别，数值型字段准确性需人工核对
2026年安徽省政府再融资一般债券（三期）、再融资专项债券（四~六期）、再融资专项债券（七、八期）发行公开,2026-05-19,https://www.celma.org.cn/fxqgg/68936.jhtml,fxqgg,announcement,安徽省,34,refinancing,再融资债券,专项,,,,,,2026-05-26,招标日,2026-05-27,,7,5,,,ocr,未能从表格解析分期明细，本行为整篇公告级别的合并记录; 本行来自OCR识别，数值型字段准确性需人工核对
2026年湖南省2026年第十三批新增专项债券发行公开,2026-05-19,https://www.celma.org.cn/fxqgg/68949.jhtml,fxqgg,announcement,湖南省,43,new_special,专项新增债券,,,13.0,,,,2026-05-26,招标日,,,7,5,,,ocr,未能从表格解析分期明细，本行为整篇公告级别的合并记录; 本行来自OCR识别，数值型字段准确性需人工核对
2026年江苏省2026年第六批江苏省政府债券发行再融资债券发行公开,2026-05-19,https://www.celma.org.cn/fxqgg/68930.jhtml,fxqgg,announcement,江苏省,32,refinancing,再融资债券,专项,15Y,6.0,9.0,,200.0,2026-05-26,招标日,2026-05-27,,7,5,苏财债〔2026〕51号,2026年江苏省地方政府再融资专项债券（九期）,text,
湖南省2026年第十四批新增专项债券发行公开,2026-05-19,https://www.celma.org.cn/fxqgg/68950.jhtml,fxqgg,announcement,湖南省,43,new_special,专项新增债券,,,14.0,,,,2026-05-26,招标日,,,7,5,,,ocr,未能从表格解析分期明细，本行为整篇公告级别的合并记录; 本行来自OCR识别，数值型字段准确性需人工核对
2026年安徽省政府新增专项债券（二十九~三十五期）发行公开,2026-05-19,https://www.celma.org.cn/fxqgg/68931.jhtml,fxqgg,announcement,安徽省,34,new_special,专项新增债券,,,,,,,2026-05-26,招标日,2026-05-27,,7,5,,,ocr,未能从表格解析分期明细，本行为整篇公告级别的合并记录; 本行来自OCR识别，数值型字段准确性需人工核对
2026年天津市2026年第四批新增一般债券发行公开,2026-05-19,https://www.celma.org.cn/fxqgg/68942.jhtml,fxqgg,announcement,天津市,12,new_general,一般新增债券,,,4.0,,,,2026-05-26,招标日,2026-05-27,,7,5,,,ocr,未能从表格解析分期明细，本行为整篇公告级别的合并记录; 本行来自OCR识别，数值型字段准确性需人工核对
2026年江苏省2026年第六批江苏省政府债券发行再融资债券发行公开,2026-05-19,https://www.celma.org.cn/fxqgg/68930.jhtml,fxqgg,announcement,江苏省,32,refinancing,再融资债券,专项,20Y,6.0,10.0,,311.0,2026-05-26,招标日,2026-05-27,,7,5,苏财债〔2026〕51号,2026年江苏省地方政府再融资专项债券（十期）,text,
2026年江苏省2026年第六批江苏省政府债券发行再融资债券发行公开,2026-05-19,https://www.celma.org.cn/fxqgg/68930.jhtml,fxqgg,announcement,江苏省,32,refinancing,再融资债券,专项,10Y,6.0,8.0,,200.0,2026-05-26,招标日,2026-05-27,,7,5,苏财债〔2026〕51号,2026年江苏省地方政府再融资专项债券（八期）,text,
2026年辽宁省2026第六批新增专项债券发行公开,2026-05-20,https://www.celma.org.cn/fxqgg/68958.jhtml,fxqgg,announcement,辽宁省,21,new_special,专项新增债券,,,6,8.0,,25.96,2026-05-12,招标日,2026-05-13,,-8.0,,辽财债管〔2026〕105 号,2026年辽宁省政府专项债券（八期）,text,未能识别发行期限; 公告发布日期晚于PDF内招标日期(负值)，可能是celma.org.cn平台镜像/上传延迟而非真实违规，建议核对省级财政厅官网原始发布时间
2026年山西省 2026年第四批收费公路专项（20年期）新增专项债券发行公开,2026-05-20,https://www.celma.org.cn/fxqgg/68989.jhtml,fxqgg,announcement,山西省,14,new_special,专项新增债券,,,4,,,,,,,,,,,,ocr,未能从表格解析分期明细，本行为整篇公告级别的合并记录; 未找到招标日期; 本行来自OCR识别，数值型字段准确性需人工核对
2026年云南省2026年第七批再融资债券发行公开,2026-05-20,https://www.celma.org.cn/fxqgg/68975.jhtml,fxqgg,announcement,云南省,53,refinancing,再融资债券,,,7,,,,2026-05-27,招标日,,,7.0,5.0,,,ocr,未能从表格解析分期明细，本行为整篇公告级别的合并记录; 本行来自OCR识别，数值型字段准确性需人工核对
2026年大连市2026年第四批再融资债券发行公开,2026-05-20,https://www.celma.org.cn/fxqgg/68962.jhtml,fxqgg,announcement,大连市,2102,refinancing,再融资债券,,,4,,,,,,,,,,,,ocr,未能从表格解析分期明细，本行为整篇公告级别的合并记录; 未找到招标日期; 本行来自OCR识别，数值型字段准确性需人工核对
2026年山西省2026年第四批新增专项（20年期）新增专项债券发行公开,2026-05-20,https://www.celma.org.cn/fxqgg/68992.jhtml,fxqgg,announcement,山西省,14,new_special,专项新增债券,,,4,,,,,,,,,,,,ocr,未能从表格解析分期明细，本行为整篇公告级别的合并记录; 未找到招标日期; 本行来自OCR识别，数值型字段准确性需人工核对
2026年山西省2026年第四批新增专项（10年期）新增专项债券发行公开,2026-05-20,https://www.celma.org.cn/fxqgg/68990.jhtml,fxqgg,announcement,山西省,14,new_special,专项新增债券,,,4,,,,,,,,,,,,ocr,未能从表格解析分期明细，本行为整篇公告级别的合并记录; 未找到招标日期; 本行来自OCR识别，数值型字段准确性需人工核对
2026年江西省2026第四批新增专项债券发行公开,2026-05-20,https://www.celma.org.cn/fxqgg/68968.jhtml,fxqgg,announcement,江西省,36,new_special,专项新增债券,,,4,,,,2026-05-27,招标日,2026-05-28,,7.0,5.0,,,ocr,未能从表格解析分期明细，本行为整篇公告级别的合并记录; 本行来自OCR识别，数值型字段准确性需人工核对
2026年辽宁省2026第六批新增专项债券发行公开,2026-05-20,https://www.celma.org.cn/fxqgg/68958.jhtml,fxqgg,announcement,辽宁省,21,new_special,专项新增债券,,,6,7.0,,1.4,2026-05-12,招标日,2026-05-13,,-8.0,,辽财债管〔2026〕105 号,2026年辽宁省政府专项债券（七期）,text,未能识别发行期限; 公告发布日期晚于PDF内招标日期(负值)，可能是celma.org.cn平台镜像/上传延迟而非真实违规，建议核对省级财政厅官网原始发布时间
2026年辽宁省2026第六批再融资债券发行公开,2026-05-20,https://www.celma.org.cn/fxqgg/68961.jhtml,fxqgg,announcement,辽宁省,21,refinancing,再融资债券,一般,,6,5.0,,30.39,2026-05-12,招标日,2026-05-13,,-8.0,,辽财债管〔2026〕104 号,2026年辽宁省地方政府再融资一般债券（五期）,text,未能识别发行期限; 公告发布日期晚于PDF内招标日期(负值)，可能是celma.org.cn平台镜像/上传延迟而非真实违规，建议核对省级财政厅官网原始发布时间
2026年山西省2026年第四批新增一般（7年期）新增一般债券发行公开,2026-05-20,https://www.celma.org.cn/fxqgg/68987.jhtml,fxqgg,announcement,山西省,14,new_general,一般新增债券,,,4,,,,,,,,,,,,ocr,未能从表格解析分期明细，本行为整篇公告级别的合并记录; 未找到招标日期; 本行来自OCR识别，数值型字段准确性需人工核对
2026年山西省2026年第四批新增专项（15年期）新增专项债券发行公开,2026-05-20,https://www.celma.org.cn/fxqgg/68991.jhtml,fxqgg,announcement,山西省,14,new_special,专项新增债券,,,4,,,,,,,,,,,,ocr,未能从表格解析分期明细，本行为整篇公告级别的合并记录; 未找到招标日期; 本行来自OCR识别，数值型字段准确性需人工核对
2026年山西省2026年第四批新增专项（30年期）新增专项债券发行公开,2026-05-20,https://www.celma.org.cn/fxqgg/68993.jhtml,fxqgg,announcement,山西省,14,new_special,专项新增债券,,,4,,,,,,,,,,,,ocr,未能从表格解析分期明细，本行为整篇公告级别的合并记录; 未找到招标日期; 本行来自OCR识别，数值型字段准确性需人工核对
2026年山西省2026年第四批棚改专项（10年期）新增专项债券发行公开,2026-05-20,https://www.celma.org.cn/fxqgg/68988.jhtml,fxqgg,announcement,山西省,14,new_special,专项新增债券,,,4,,,,,,,,,,,,ocr,未能从表格解析分期明细，本行为整篇公告级别的合并记录; 未找到招标日期; 本行来自OCR识别，数值型字段准确性需人工核对
2026年辽宁省2026第六批新增专项债券发行公开,2026-05-20,https://www.celma.org.cn/fxqgg/68958.jhtml,fxqgg,announcement,辽宁省,21,new_special,专项新增债券,,,6,9.0,,6.46,2026-05-12,招标日,2026-05-13,,-8.0,,辽财债管〔2026〕105 号,2026年辽宁省政府专项债券（九期）,text,未能识别发行期限; 公告发布日期晚于PDF内招标日期(负值)，可能是celma.org.cn平台镜像/上传延迟而非真实违规，建议核对省级财政厅官网原始发布时间
2026年四川省2026第五批次公开（0528）新增一般债券发行公开,2026-05-21,https://www.celma.org.cn/fxqgg/68994.jhtml,fxqgg,announcement,四川省,51,new_special,专项新增债券,,,5.0,21.0,,25.6802,2026-05-28,招标日,2026-05-29,,7.0,5.0,川财债〔2026〕11 号,2026年四川省政府专项债券（二十一期）,text,未能识别发行期限
2026年四川省2026第五批次公开（0528）再融资债券发行公开,2026-05-21,https://www.celma.org.cn/fxqgg/68974.jhtml,fxqgg,announcement,四川省,51,new_special,专项新增债券,,,5,23.0,,1.65,2026-05-28,招标日,2026-05-29,,7.0,5.0,川财债〔2026〕11 号,2026年四川省政府专项债券（二十三期）,text,未能识别发行期限
2026年四川省2026第五批次公开（0528）再融资债券发行公开,2026-05-21,https://www.celma.org.cn/fxqgg/68974.jhtml,fxqgg,announcement,四川省,51,refinancing,再融资债券,专项,,5,8.0,,61.9166,2026-05-28,招标日,2026-05-29,,7.0,5.0,川财债〔2026〕11 号,2026年四川省政府再融资专项债券（八期）,text,未能识别发行期限
2026年四川省2026第五批次公开（0528）新增专项债券发行公开,2026-05-21,https://www.celma.org.cn/fxqgg/68957.jhtml,fxqgg,announcement,四川省,51,new_special,专项新增债券,,,5,20.0,,5.8427,2026-05-28,招标日,2026-05-29,,7.0,5.0,川财债〔2026〕11 号,2026年四川省政府专项债券（二十期）,text,未能识别发行期限
2026年新疆兵团2026年第一批新增专项债券发行公开,2026-05-21,https://www.celma.org.cn/fxqgg/69002.jhtml,fxqgg,announcement,新疆维吾尔自治区,65,new_special,专项新增债券,,,1.0,,,,2026-05-21,招标日,2026-05-21,,0.0,0.0,,,ocr,未能从表格解析分期明细，本行为整篇公告级别的合并记录; 本行来自OCR识别，数值型字段准确性需人工核对
2026年四川省2026第五批次公开（0528）再融资债券发行公开,2026-05-21,https://www.celma.org.cn/fxqgg/68974.jhtml,fxqgg,announcement,四川省,51,new_special,专项新增债券,,,5,19.0,,10.7928,2026-05-28,招标日,2026-05-29,,7.0,5.0,川财债〔2026〕11 号,2026年四川省政府专项债券（十九期）,text,未能识别发行期限
2026年河北省2026年第九批新增一般债券发行公开,2026-05-21,https://www.celma.org.cn/fxqgg/68997.jhtml,fxqgg,announcement,河北省,13,new_general,一般新增债券,,,9.0,,,263.55,2026-05-28,招标日,,,7.0,5.0,,,ocr,未能从表格解析分期明细，本行为整篇公告级别的合并记录; 本行来自OCR识别，数值型字段准确性需人工核对
2026年四川省2026第五批次公开（0528）新增一般债券发行公开,2026-05-21,https://www.celma.org.cn/fxqgg/68994.jhtml,fxqgg,announcement,四川省,51,new_special,专项新增债券,,,5.0,22.0,,57.7009,2026-05-28,招标日,2026-05-29,,7.0,5.0,川财债〔2026〕11 号,2026年四川省政府专项债券（二十二期）,text,未能识别发行期限
2026年四川省2026第五批次公开（0528）新增专项债券发行公开,2026-05-21,https://www.celma.org.cn/fxqgg/68957.jhtml,fxqgg,announcement,四川省,51,new_special,专项新增债券,,,5,18.0,,5.0,2026-05-28,招标日,2026-05-29,,7.0,5.0,川财债〔2026〕11 号,2026年四川省政府专项债券（十八期）,text,未能识别发行期限
2026年四川省2026第五批次公开（0528）新增专项债券发行公开,2026-05-21,https://www.celma.org.cn/fxqgg/68957.jhtml,fxqgg,announcement,四川省,51,new_special,专项新增债券,,,5,21.0,,25.6802,2026-05-28,招标日,2026-05-29,,7.0,5.0,川财债〔2026〕11 号,2026年四川省政府专项债券（二十一期）,text,未能识别发行期限
2026年四川省2026第五批次公开（0528）新增一般债券发行公开,2026-05-21,https://www.celma.org.cn/fxqgg/68994.jhtml,fxqgg,announcement,四川省,51,new_special,专项新增债券,,,5.0,18.0,,5.0,2026-05-28,招标日,2026-05-29,,7.0,5.0,川财债〔2026〕11 号,2026年四川省政府专项债券（十八期）,text,未能识别发行期限
2026年四川省2026第五批次公开（0528）再融资债券发行公开,2026-05-21,https://www.celma.org.cn/fxqgg/68974.jhtml,fxqgg,announcement,四川省,51,refinancing,再融资债券,一般,,5,4.0,,153.3803,2026-05-28,招标日,2026-05-29,,7.0,5.0,川财债〔2026〕11 号,2026年四川省政府再融资一般债券（四期）,text,未能识别发行期限
2026年四川省2026第五批次公开（0528）再融资债券发行公开,2026-05-21,https://www.celma.org.cn/fxqgg/68974.jhtml,fxqgg,announcement,四川省,51,new_special,专项新增债券,,,5,18.0,,5.0,2026-05-28,招标日,2026-05-29,,7.0,5.0,川财债〔2026〕11 号,2026年四川省政府专项债券（十八期）,text,未能识别发行期限
2026年四川省2026第五批次公开（0528）新增专项债券发行公开,2026-05-21,https://www.celma.org.cn/fxqgg/68957.jhtml,fxqgg,announcement,四川省,51,new_special,专项新增债券,,,5,23.0,,1.65,2026-05-28,招标日,2026-05-29,,7.0,5.0,川财债〔2026〕11 号,2026年四川省政府专项债券（二十三期）,text,未能识别发行期限
2026年四川省2026第五批次公开（0528）再融资债券发行公开,2026-05-21,https://www.celma.org.cn/fxqgg/68974.jhtml,fxqgg,announcement,四川省,51,new_general,一般新增债券,,,5,3.0,,30.0,2026-05-28,招标日,2026-05-29,,7.0,5.0,川财债〔2026〕11 号,2026年四川省政府一般债券（三期）,text,未能识别发行期限
2026年河北省2026年第九批新增专项债券发行公开,2026-05-21,https://www.celma.org.cn/fxqgg/68998.jhtml,fxqgg,announcement,河北省,13,new_special,专项新增债券,,,9,,,263.55,2026-05-28,招标日,,,7.0,5.0,,,ocr,未能从表格解析分期明细，本行为整篇公告级别的合并记录; 本行来自OCR识别，数值型字段准确性需人工核对
2026年四川省2026第五批次公开（0528）新增专项债券发行公开,2026-05-21,https://www.celma.org.cn/fxqgg/68957.jhtml,fxqgg,announcement,四川省,51,new_general,一般新增债券,,,5,3.0,,30.0,2026-05-28,招标日,2026-05-29,,7.0,5.0,川财债〔2026〕11 号,2026年四川省政府一般债券（三期）,text,未能识别发行期限
2026年四川省2026第五批次公开（0528）新增一般债券发行公开,2026-05-21,https://www.celma.org.cn/fxqgg/68994.jhtml,fxqgg,announcement,四川省,51,new_general,一般新增债券,,,5.0,3.0,,30.0,2026-05-28,招标日,2026-05-29,,7.0,5.0,川财债〔2026〕11 号,2026年四川省政府一般债券（三期）,text,未能识别发行期限
2026年四川省2026第五批次公开（0528）新增专项债券发行公开,2026-05-21,https://www.celma.org.cn/fxqgg/68957.jhtml,fxqgg,announcement,四川省,51,new_special,专项新增债券,,,5,19.0,,10.7928,2026-05-28,招标日,2026-05-29,,7.0,5.0,川财债〔2026〕11 号,2026年四川省政府专项债券（十九期）,text,未能识别发行期限
2026年四川省2026第五批次公开（0528）新增专项债券发行公开,2026-05-21,https://www.celma.org.cn/fxqgg/68957.jhtml,fxqgg,announcement,四川省,51,refinancing,再融资债券,专项,,5,8.0,,61.9166,2026-05-28,招标日,2026-05-29,,7.0,5.0,川财债〔2026〕11 号,2026年四川省政府再融资专项债券（八期）,text,未能识别发行期限
2026年四川省2026第五批次公开（0528）再融资债券发行公开,2026-05-21,https://www.celma.org.cn/fxqgg/68974.jhtml,fxqgg,announcement,四川省,51,new_special,专项新增债券,,,5,22.0,,57.7009,2026-05-28,招标日,2026-05-29,,7.0,5.0,川财债〔2026〕11 号,2026年四川省政府专项债券（二十二期）,text,未能识别发行期限
2026年新疆兵团2026年第一批新增一般债券发行公开,2026-05-21,https://www.celma.org.cn/fxqgg/69001.jhtml,fxqgg,announcement,新疆维吾尔自治区,65,new_general,一般新增债券,,,1.0,,,,,,2026-05-22,,,,,,ocr,未能从表格解析分期明细，本行为整篇公告级别的合并记录; 未找到招标日期; 本行来自OCR识别，数值型字段准确性需人工核对
2026年四川省2026第五批次公开（0528）新增一般债券发行公开,2026-05-21,https://www.celma.org.cn/fxqgg/68994.jhtml,fxqgg,announcement,四川省,51,new_special,专项新增债券,,,5.0,23.0,,1.65,2026-05-28,招标日,2026-05-29,,7.0,5.0,川财债〔2026〕11 号,2026年四川省政府专项债券（二十三期）,text,未能识别发行期限
2026年四川省2026第五批次公开（0528）再融资债券发行公开,2026-05-21,https://www.celma.org.cn/fxqgg/68974.jhtml,fxqgg,announcement,四川省,51,new_special,专项新增债券,,,5,21.0,,25.6802,2026-05-28,招标日,2026-05-29,,7.0,5.0,川财债〔2026〕11 号,2026年四川省政府专项债券（二十一期）,text,未能识别发行期限
2026年四川省2026第五批次公开（0528）新增一般债券发行公开,2026-05-21,https://www.celma.org.cn/fxqgg/68994.jhtml,fxqgg,announcement,四川省,51,refinancing,再融资债券,专项,,5.0,8.0,,61.9166,2026-05-28,招标日,2026-05-29,,7.0,5.0,川财债〔2026〕11 号,2026年四川省政府再融资专项债券（八期）,text,未能识别发行期限
2026年四川省2026第五批次公开（0528）新增一般债券发行公开,2026-05-21,https://www.celma.org.cn/fxqgg/68994.jhtml,fxqgg,announcement,四川省,51,refinancing,再融资债券,一般,,5.0,4.0,,153.3803,2026-05-28,招标日,2026-05-29,,7.0,5.0,川财债〔2026〕11 号,2026年四川省政府再融资一般债券（四期）,text,未能识别发行期限
2026年四川省2026第五批次公开（0528）新增专项债券发行公开,2026-05-21,https://www.celma.org.cn/fxqgg/68957.jhtml,fxqgg,announcement,四川省,51,new_special,专项新增债券,,,5,22.0,,57.7009,2026-05-28,招标日,2026-05-29,,7.0,5.0,川财债〔2026〕11 号,2026年四川省政府专项债券（二十二期）,text,未能识别发行期限
2026年四川省2026第五批次公开（0528）新增一般债券发行公开,2026-05-21,https://www.celma.org.cn/fxqgg/68994.jhtml,fxqgg,announcement,四川省,51,new_special,专项新增债券,,,5.0,20.0,,5.8427,2026-05-28,招标日,2026-05-29,,7.0,5.0,川财债〔2026〕11 号,2026年四川省政府专项债券（二十期）,text,未能识别发行期限
2026年四川省2026第五批次公开（0528）再融资债券发行公开,2026-05-21,https://www.celma.org.cn/fxqgg/68974.jhtml,fxqgg,announcement,四川省,51,new_special,专项新增债券,,,5,20.0,,5.8427,2026-05-28,招标日,2026-05-29,,7.0,5.0,川财债〔2026〕11 号,2026年四川省政府专项债券（二十期）,text,未能识别发行期限
2026年四川省2026第五批次公开（0528）新增一般债券发行公开,2026-05-21,https://www.celma.org.cn/fxqgg/68994.jhtml,fxqgg,announcement,四川省,51,new_special,专项新增债券,,,5.0,19.0,,10.7928,2026-05-28,招标日,2026-05-29,,7.0,5.0,川财债〔2026〕11 号,2026年四川省政府专项债券（十九期）,text,未能识别发行期限
2026年四川省2026第五批次公开（0528）新增专项债券发行公开,2026-05-21,https://www.celma.org.cn/fxqgg/68957.jhtml,fxqgg,announcement,四川省,51,refinancing,再融资债券,一般,,5,4.0,,153.3803,2026-05-28,招标日,2026-05-29,,7.0,5.0,川财债〔2026〕11 号,2026年四川省政府再融资一般债券（四期）,text,未能识别发行期限
2026年内蒙古自治区2026年内蒙古自治区政府专项债券（二期）新增专项债券发行公开,2026-05-22,https://www.celma.org.cn/fxqgg/69039.jhtml,fxqgg,announcement,内蒙古自治区,15,new_special,专项新增债券,,,,,,,2026-05-29,招标日,2026-05-29,,7.0,5.0,内财债函〔2026〕301 号,,text,未能从表格解析分期明细，本行为整篇公告级别的合并记录
2026年内蒙古自治区2026年内蒙古自治区重点政府收费公路项目建设专项债券（一期）-2026年内蒙古自治区政府专项债券（三期）新增专项债券发行公开,2026-05-22,https://www.celma.org.cn/fxqgg/69034.jhtml,fxqgg,announcement,内蒙古自治区,15,new_special,专项新增债券,,,,,,,2026-05-29,招标日,2026-05-29,,7.0,5.0,内财债函〔2026〕300 号,,text,未能从表格解析分期明细，本行为整篇公告级别的合并记录
2026年甘肃省政府再融资专项债券（七期）再融资债券发行公开,2026-05-26,https://www.celma.org.cn/fxqgg/69063.jhtml,fxqgg,announcement,甘肃省,62,refinancing,再融资债券,专项,,,,,,,,,,,,,,ocr,未能从表格解析分期明细，本行为整篇公告级别的合并记录; 未找到招标日期; 本行来自OCR识别，数值型字段准确性需人工核对
2026年甘肃省政府再融资专项债券（六期）再融资债券发行公开,2026-05-26,https://www.celma.org.cn/fxqgg/69064.jhtml,fxqgg,announcement,甘肃省,62,refinancing,再融资债券,专项,,,,,,,,,,,,,,ocr,未能从表格解析分期明细，本行为整篇公告级别的合并记录; 未找到招标日期; 本行来自OCR识别，数值型字段准确性需人工核对
2026年甘肃省政府专项债券（十五期）新增专项债券发行公开,2026-05-26,https://www.celma.org.cn/fxqgg/69061.jhtml,fxqgg,announcement,甘肃省,62,new_special,专项新增债券,,,,,,,,,,,,,,,ocr,未能从表格解析分期明细，本行为整篇公告级别的合并记录; 未找到招标日期; 本行来自OCR识别，数值型字段准确性需人工核对
2026年重庆市2026年六月第一批债券再融资债券发行公开,2026-05-26,https://www.celma.org.cn/fxqgg/69068.jhtml,fxqgg,announcement,重庆市,50,refinancing,再融资债券,,,1.0,,,100.38,2026-06-02,招标日,2026-06-03,,7.0,5.0,,,ocr,未能从表格解析分期明细，本行为整篇公告级别的合并记录; 本行来自OCR识别，数值型字段准确性需人工核对
2026年甘肃省政府再融资一般债券（三期）再融资债券发行公开,2026-05-26,https://www.celma.org.cn/fxqgg/69060.jhtml,fxqgg,announcement,甘肃省,62,refinancing,再融资债券,一般,,,,,,,,,,,,,,ocr,未能从表格解析分期明细，本行为整篇公告级别的合并记录; 未找到招标日期; 本行来自OCR识别，数值型字段准确性需人工核对
2026年福建省2026年第九批（再融资）再融资债券发行公开,2026-05-28,https://www.celma.org.cn/fxqgg/69092.jhtml,fxqgg,announcement,福建省,35,refinancing,再融资债券,,,9.0,,,,2026-06-04,招标日,2026-06-05,,7.0,5.0,,,ocr,未能从表格解析分期明细，本行为整篇公告级别的合并记录; 本行来自OCR识别，数值型字段准确性需人工核对
2026年内蒙古自治区2026年内蒙古自治区政府一般债券（一期）新增一般债券发行公开,2026-05-29,https://www.celma.org.cn/fxqgg/69114.jhtml,fxqgg,announcement,内蒙古自治区,15,new_general,一般新增债券,,,,,,,2026-06-05,招标日,2026-06-05,,7.0,5.0,内财债函〔2026〕315 号,,text,未能从表格解析分期明细，本行为整篇公告级别的合并记录
2026年湖南省2026年第十五批再融资债券发行公开,2026-05-29,https://www.celma.org.cn/fxqgg/69101.jhtml,fxqgg,announcement,湖南省,43,refinancing,再融资债券,一般,,15.0,5.0,,83.54,2026-06-05,招标日,2026-06-08,,7.0,5.0,湘财债管〔2026〕29 号,2026年湖南省地方政府再融资一般债券（五期）,text,未能识别发行期限
2026年月广东省2026年第五批再融资债券发行公开,2026-05-29,https://www.celma.org.cn/fxqgg/69117.jhtml,fxqgg,announcement,广东省,44,,,,5Y,5.0,,,53.1,,招标日,,,,,粤财债〔2026〕36号,,text,未能从债券名称识别品种(一般新增/专项新增/再融资); 未找到招标日期
2026年江苏省2026年第七批江苏省政府债券发行再融资债券发行公开,2026-05-29,https://www.celma.org.cn/fxqgg/69116.jhtml,fxqgg,announcement,江苏省,32,refinancing,再融资债券,专项,15Y,7.0,12.0,,300.0,2026-06-05,招标日,2026-06-08,,7.0,5.0,苏财债〔2026〕55号,2026年江苏省地方政府再融资专项债券（十二期）,text,
2026年湖南省2026年第十六批再融资债券发行公开,2026-05-29,https://www.celma.org.cn/fxqgg/69102.jhtml,fxqgg,announcement,湖南省,43,refinancing,再融资债券,专项,,16.0,4.0,,265.69,2026-06-05,招标日,2026-06-08,,7.0,5.0,湘财债管〔2026〕29 号,2026年湖南省地方政府再融资专项债券（四期）,text,未能识别发行期限
2026年江苏省2026年第七批江苏省政府债券发行再融资债券发行公开,2026-05-29,https://www.celma.org.cn/fxqgg/69116.jhtml,fxqgg,announcement,江苏省,32,refinancing,再融资债券,专项,7Y,7.0,11.0,,200.0,2026-06-05,招标日,2026-06-08,,7.0,5.0,苏财债〔2026〕55号,2026年江苏省地方政府再融资专项债券（十一期）,text,
2026年陕西省2026年第六批再融资专项债券（特殊再融资）再融资债券发行公开,2026-05-29,https://www.celma.org.cn/fxqgg/69108.jhtml,fxqgg,announcement,陕西省,61,refinancing,再融资债券,专项,30Y,6.0,7.0,,2.2907,2026-05-28,招标日,,,-1.0,,陕财办政债〔2026〕59 号,2026年陕西省地方政府再融资专项债券(七期）,text,公告发布日期晚于PDF内招标日期(负值)，可能是celma.org.cn平台镜像/上传延迟而非真实违规，建议核对省级财政厅官网原始发布时间
2026年陕西省2026年第五批再融资专项债券再融资债券发行公开,2026-05-29,https://www.celma.org.cn/fxqgg/69107.jhtml,fxqgg,announcement,陕西省,61,refinancing,再融资债券,专项,15Y,5.0,6.0,,0.3034,2026-05-18,招标日,,,-11.0,,陕财办政债〔2026〕48 号,2026年陕西省地方政府再融资专项债券(六期）,text,公告发布日期晚于PDF内招标日期(负值)，可能是celma.org.cn平台镜像/上传延迟而非真实违规，建议核对省级财政厅官网原始发布时间
2026年陕西省2026年第四批新增专项债券新增专项债券发行公开,2026-05-29,https://www.celma.org.cn/fxqgg/69110.jhtml,fxqgg,announcement,陕西省,61,new_special,专项新增债券,,,4.0,11.0,,0.9,2026-05-28,招标日,,,-1.0,,陕财办政债〔2026〕58 号,2026年陕西省政府专项债券(十一期),text,未能识别发行期限; 公告发布日期晚于PDF内招标日期(负值)，可能是celma.org.cn平台镜像/上传延迟而非真实违规，建议核对省级财政厅官网原始发布时间
2026年湖南省2026年第十五批再融资债券发行公开,2026-05-29,https://www.celma.org.cn/fxqgg/69101.jhtml,fxqgg,announcement,湖南省,43,refinancing,再融资债券,专项,,15.0,4.0,,265.69,2026-06-05,招标日,2026-06-08,,7.0,5.0,湘财债管〔2026〕29 号,2026年湖南省地方政府再融资专项债券（四期）,text,未能识别发行期限
2026年江苏省2026年第七批江苏省政府债券发行再融资债券发行公开,2026-05-29,https://www.celma.org.cn/fxqgg/69116.jhtml,fxqgg,announcement,江苏省,32,refinancing,再融资债券,专项,20Y,7.0,13.0,,200.0,2026-06-05,招标日,2026-06-08,,7.0,5.0,苏财债〔2026〕55号,2026年江苏省地方政府再融资专项债券（十三期）,text,
2026年湖南省2026年第十六批再融资债券发行公开,2026-05-29,https://www.celma.org.cn/fxqgg/69102.jhtml,fxqgg,announcement,湖南省,43,refinancing,再融资债券,一般,,16.0,5.0,,83.54,2026-06-05,招标日,2026-06-08,,7.0,5.0,湘财债管〔2026〕29 号,2026年湖南省地方政府再融资一般债券（五期）,text,未能识别发行期限
2026年月广东省2026年第五批再融资债券发行公开,2026-05-29,https://www.celma.org.cn/fxqgg/69117.jhtml,fxqgg,announcement,广东省,44,,,,7Y,5.0,,,174.5,,招标日,,,,,粤财债〔2026〕36号,,text,未能从债券名称识别品种(一般新增/专项新增/再融资); 未找到招标日期
2026年陕西省2026年第四批新增专项债券新增专项债券发行公开,2026-05-29,https://www.celma.org.cn/fxqgg/69110.jhtml,fxqgg,announcement,陕西省,61,new_special,专项新增债券,,,4.0,12.0,,3.0735,2026-05-28,招标日,,,-1.0,,陕财办政债〔2026〕58 号,2026年陕西省政府专项债券(十二期),text,未能识别发行期限; 公告发布日期晚于PDF内招标日期(负值)，可能是celma.org.cn平台镜像/上传延迟而非真实违规，建议核对省级财政厅官网原始发布时间
2026年月广东省2026年第五批再融资债券发行公开,2026-05-29,https://www.celma.org.cn/fxqgg/69117.jhtml,fxqgg,announcement,广东省,44,,,,10Y,5.0,,,64.0,,招标日,,,,,粤财债〔2026〕36号,,text,未能从债券名称识别品种(一般新增/专项新增/再融资); 未找到招标日期
2026年陕西省2026年第四批新增专项债券新增专项债券发行公开,2026-05-29,https://www.celma.org.cn/fxqgg/69110.jhtml,fxqgg,announcement,陕西省,61,new_special,专项新增债券,,,4.0,10.0,,7.03,2026-05-28,招标日,,,-1.0,,陕财办政债〔2026〕58 号,2026年陕西省政府专项债券(十期),text,未能识别发行期限; 公告发布日期晚于PDF内招标日期(负值)，可能是celma.org.cn平台镜像/上传延迟而非真实违规，建议核对省级财政厅官网原始发布时间
2026年江苏省2026年第七批江苏省政府债券发行再融资债券发行公开,2026-05-29,https://www.celma.org.cn/fxqgg/69116.jhtml,fxqgg,announcement,江苏省,32,refinancing,再融资债券,专项,30Y,7.0,14.0,,300.0,2026-06-05,招标日,2026-06-08,,7.0,5.0,苏财债〔2026〕55号,2026年江苏省地方政府再融资专项债券（十四期）,text,
2026年月广东省2026年第五批再融资债券发行公开,2026-05-29,https://www.celma.org.cn/fxqgg/69117.jhtml,fxqgg,announcement,广东省,44,,,,,5.0,,,291.6,,招标日,,,,,粤财债〔2026〕36号,,text,未能从债券名称识别品种(一般新增/专项新增/再融资); 未能识别发行期限; 未找到招标日期
2026年陕西省2026年第三批再融资一般债券再融资债券发行公开,2026-05-29,https://www.celma.org.cn/fxqgg/69105.jhtml,fxqgg,announcement,陕西省,61,refinancing,再融资债券,一般,10Y,3.0,3.0,,107.2888,2026-05-18,招标日,,,-11.0,,陕财办政债〔2026〕47 号,2026年陕西省地方政府再融资一般债券(三期）,text,公告发布日期晚于PDF内招标日期(负值)，可能是celma.org.cn平台镜像/上传延迟而非真实违规，建议核对省级财政厅官网原始发布时间
2026年陕西省2026年第五批新增一般债券新增一般债券发行公开,2026-06-01,https://www.celma.org.cn/fxqgg/69125.jhtml,fxqgg,announcement,陕西省,61,new_general,一般新增债券,,10Y,5.0,5.0,,10.23,2026-05-28,招标日,,,-4.0,,陕财办政债〔2026〕57 号,2026年陕西省政府一般债券(五期),text,公告发布日期晚于PDF内招标日期(负值)，可能是celma.org.cn平台镜像/上传延迟而非真实违规，建议核对省级财政厅官网原始发布时间
2026年湖北省2026年湖北省第六批-再融资专项第六批再融资债券发行公开,2026-06-02,https://www.celma.org.cn/fxqgg/69133.jhtml,fxqgg,announcement,湖北省,42,refinancing,再融资债券,专项,,6.0,,,,2026-06-09,招标日,2026-06-09,,7.0,5.0,,,ocr,未能从表格解析分期明细，本行为整篇公告级别的合并记录; 本行来自OCR识别，数值型字段准确性需人工核对
2026年宁夏回族自治区政府新增一般债券（一期）发行公开,2026-06-02,https://www.celma.org.cn/fxqgg/69134.jhtml,fxqgg,announcement,宁夏回族自治区,64,new_general,一般新增债券,,,,,,77.1062,2026-06-09,招标日,2026-06-10,,7.0,5.0,,,ocr,未能从表格解析分期明细，本行为整篇公告级别的合并记录; 本行来自OCR识别，数值型字段准确性需人工核对
2026年宁夏回族自治区政府新增专项债券（十二至十五期）发行公开,2026-06-02,https://www.celma.org.cn/fxqgg/69129.jhtml,fxqgg,announcement,宁夏回族自治区,64,new_special,专项新增债券,,,,,,77.1062,2026-06-09,招标日,2026-06-10,,7.0,5.0,,,ocr,未能从表格解析分期明细，本行为整篇公告级别的合并记录; 本行来自OCR识别，数值型字段准确性需人工核对
2026年湖北省2026年湖北省第六批-再融资一般第五批再融资债券发行公开,2026-06-02,https://www.celma.org.cn/fxqgg/69132.jhtml,fxqgg,announcement,湖北省,42,refinancing,再融资债券,一般,,6.0,,,,2026-06-09,招标日,2026-06-09,,7.0,5.0,,,ocr,未能从表格解析分期明细，本行为整篇公告级别的合并记录; 本行来自OCR识别，数值型字段准确性需人工核对
2026年宁夏回族自治区政府再融资一般债券（三期）发行公开,2026-06-02,https://www.celma.org.cn/fxqgg/69128.jhtml,fxqgg,announcement,宁夏回族自治区,64,refinancing,再融资债券,一般,,,,,77.1062,2026-06-09,招标日,2026-06-10,,7.0,5.0,,,ocr,未能从表格解析分期明细，本行为整篇公告级别的合并记录; 本行来自OCR识别，数值型字段准确性需人工核对
2026年新疆维吾尔自治区2026年自治区第六批地方政府债券新增专项债券发行公开,2026-06-03,https://www.celma.org.cn/fxqgg/69145.jhtml,fxqgg,announcement,新疆维吾尔自治区,65,new_special,专项新增债券,,,6.0,,,,2026-05-22,招标日,2026-05-22,,-12.0,,,,ocr,未能从表格解析分期明细，本行为整篇公告级别的合并记录; 本行来自OCR识别，数值型字段准确性需人工核对; 公告发布日期晚于PDF内招标日期(负值)，可能是celma.org.cn平台镜像/上传延迟而非真实违规，建议核对省级财政厅官网原始发布时间
2026年内蒙古自治区2026年内蒙古自治区政府再融资一般债券（五期）再融资债券发行公开,2026-06-03,https://www.celma.org.cn/fxqgg/69158.jhtml,fxqgg,announcement,内蒙古自治区,15,refinancing,再融资债券,一般,,,,,,2026-06-10,招标日,2026-06-10,,7.0,5.0,内财债函〔2026〕324 号,,text,未能从表格解析分期明细，本行为整篇公告级别的合并记录
2026年内蒙古自治区2026年内蒙古自治区政府再融资专项债券（五期）再融资债券发行公开,2026-06-03,https://www.celma.org.cn/fxqgg/69159.jhtml,fxqgg,announcement,内蒙古自治区,15,refinancing,再融资债券,专项,,,,,,2026-06-10,招标日,2026-06-10,,7.0,5.0,内财债函〔2026〕325 号,,text,未能从表格解析分期明细，本行为整篇公告级别的合并记录
2026年北京市2026年6月11日公开发行一般再融资债券再融资债券发行公开,2026-06-04,https://www.celma.org.cn/fxqgg/69177.jhtml,fxqgg,announcement,北京市,11,refinancing,再融资债券,一般,7Y,,4.0,,18.86,2026-06-11,招标日,2026-06-12,,7.0,5.0,京财国库〔2026〕673 号,2026年北京市地方政府再融资一般债券（四期）,text,
2026年北京市2026年6月11日公开发行专项再融资债券再融资债券发行公开,2026-06-04,https://www.celma.org.cn/fxqgg/69178.jhtml,fxqgg,announcement,北京市,11,refinancing,再融资债券,一般,7Y,,4.0,,18.86,2026-06-11,招标日,2026-06-12,,7.0,5.0,京财国库〔2026〕673 号,2026年北京市地方政府再融资一般债券（四期）,text,
2026年江西省2026第五批再融资债券发行公开,2026-06-04,https://www.celma.org.cn/fxqgg/69172.jhtml,fxqgg,announcement,江西省,36,refinancing,再融资债券,,,5.0,,,,2026-06-11,招标日,2026-06-12,,7.0,5.0,,,ocr,未能从表格解析分期明细，本行为整篇公告级别的合并记录; 本行来自OCR识别，数值型字段准确性需人工核对
2026年北京市2026年6月11日公开发行一般再融资债券再融资债券发行公开,2026-06-04,https://www.celma.org.cn/fxqgg/69177.jhtml,fxqgg,announcement,北京市,11,refinancing,再融资债券,一般,3Y,,3.0,,1.0,2026-06-11,招标日,2026-06-12,,7.0,5.0,京财国库〔2026〕673 号,2026年北京市地方政府再融资一般债券（三期）,text,
2026年北京市2026年6月11日公开发行专项再融资债券再融资债券发行公开,2026-06-04,https://www.celma.org.cn/fxqgg/69178.jhtml,fxqgg,announcement,北京市,11,refinancing,再融资债券,一般,3Y,,3.0,,1.0,2026-06-11,招标日,2026-06-12,,7.0,5.0,京财国库〔2026〕673 号,2026年北京市地方政府再融资一般债券（三期）,text,
2026年北京市2026年6月11日公开发行一般再融资债券再融资债券发行公开,2026-06-04,https://www.celma.org.cn/fxqgg/69177.jhtml,fxqgg,announcement,北京市,11,refinancing,再融资债券,一般,10Y,,5.0,,6.4006,2026-06-11,招标日,2026-06-12,,7.0,5.0,京财国库〔2026〕673 号,2026年北京市地方政府再融资一般债券（五期）,text,
2026年北京市2026年6月11日公开发行专项再融资债券再融资债券发行公开,2026-06-04,https://www.celma.org.cn/fxqgg/69178.jhtml,fxqgg,announcement,北京市,11,refinancing,再融资债券,一般,10Y,,5.0,,6.4006,2026-06-11,招标日,2026-06-12,,7.0,5.0,京财国库〔2026〕673 号,2026年北京市地方政府再融资一般债券（五期）,text,
2026年河北省2026年第十批再融资债券发行公开,2026-06-05,https://www.celma.org.cn/fxqgg/69190.jhtml,fxqgg,announcement,河北省,13,refinancing,再融资债券,,,10.0,,,40.29,2026-06-12,招标日,,,7.0,5.0,,,ocr,未能从表格解析分期明细，本行为整篇公告级别的合并记录; 本行来自OCR识别，数值型字段准确性需人工核对
2026年河北省2026年第十批新增专项债券发行公开,2026-06-05,https://www.celma.org.cn/fxqgg/69189.jhtml,fxqgg,announcement,河北省,13,new_special,专项新增债券,,,10.0,,,40.29,2026-06-12,招标日,,,7.0,5.0,,,ocr,未能从表格解析分期明细，本行为整篇公告级别的合并记录; 本行来自OCR识别，数值型字段准确性需人工核对
2026年云南省2026年第八批新增专项债券发行公开,2026-06-05,https://www.celma.org.cn/fxqgg/69187.jhtml,fxqgg,announcement,云南省,53,new_special,专项新增债券,,,8.0,,,,2026-06-12,招标日,,,7.0,5.0,,,ocr,未能从表格解析分期明细，本行为整篇公告级别的合并记录; 本行来自OCR识别，数值型字段准确性需人工核对
2026年甘肃省政府专项债券（十七期）新增专项债券发行公开,2026-06-08,https://www.celma.org.cn/fxqgg/69219.jhtml,fxqgg,announcement,甘肃省,62,new_special,专项新增债券,,,,,,,,,,,,,,,ocr,未能从表格解析分期明细，本行为整篇公告级别的合并记录; 未找到招标日期; 本行来自OCR识别，数值型字段准确性需人工核对
2026年四川省2026第六批次公开（0615）新增专项债券发行公开,2026-06-08,https://www.celma.org.cn/fxqgg/69199.jhtml,fxqgg,announcement,四川省,51,refinancing,再融资债券,专项,,6.0,10.0,,160.04,2026-06-15,招标日,2026-06-16,,7.0,5.0,川财债〔2026〕12 号,2026年四川省政府再融资专项债券（十期）,text,未能识别发行期限
2026年甘肃省政府专项债券（二十一期）新增专项债券发行公开,2026-06-08,https://www.celma.org.cn/fxqgg/69225.jhtml,fxqgg,announcement,甘肃省,62,new_special,专项新增债券,,,,,,,,,,,,,,,ocr,未能从表格解析分期明细，本行为整篇公告级别的合并记录; 未找到招标日期; 本行来自OCR识别，数值型字段准确性需人工核对
2026年四川省2026第六批次公开（0615）新增专项债券发行公开,2026-06-08,https://www.celma.org.cn/fxqgg/69199.jhtml,fxqgg,announcement,四川省,51,new_special,专项新增债券,,,6.0,24.0,,3.23,2026-06-15,招标日,2026-06-16,,7.0,5.0,川财债〔2026〕12 号,2026年四川省政府专项债券（二十四期）,text,未能识别发行期限
2026年四川省2026第六批次公开（0615）新增专项债券发行公开,2026-06-08,https://www.celma.org.cn/fxqgg/69199.jhtml,fxqgg,announcement,四川省,51,refinancing,再融资债券,专项,,6.0,9.0,,150.0,2026-06-15,招标日,2026-06-16,,7.0,5.0,川财债〔2026〕12 号,2026年四川省政府再融资专项债券（九期）,text,未能识别发行期限
2026年四川省2026第六批次公开（0615）再融资债券发行公开,2026-06-08,https://www.celma.org.cn/fxqgg/69198.jhtml,fxqgg,announcement,四川省,51,refinancing,再融资债券,专项,,6.0,10.0,,160.04,2026-06-15,招标日,2026-06-16,,7.0,5.0,川财债〔2026〕12 号,2026年四川省政府再融资专项债券（十期）,text,未能识别发行期限
2026年四川省2026第六批次公开（0615）再融资债券发行公开,2026-06-08,https://www.celma.org.cn/fxqgg/69198.jhtml,fxqgg,announcement,四川省,51,new_special,专项新增债券,,,6.0,24.0,,3.23,2026-06-15,招标日,2026-06-16,,7.0,5.0,川财债〔2026〕12 号,2026年四川省政府专项债券（二十四期）,text,未能识别发行期限
2026年四川省2026第六批次公开（0615）再融资债券发行公开,2026-06-08,https://www.celma.org.cn/fxqgg/69198.jhtml,fxqgg,announcement,四川省,51,refinancing,再融资债券,专项,,6.0,9.0,,150.0,2026-06-15,招标日,2026-06-16,,7.0,5.0,川财债〔2026〕12 号,2026年四川省政府再融资专项债券（九期）,text,未能识别发行期限
2026年甘肃省政府棚户区改造专项债券(三期)——2026年甘肃省政府专项债券(十六期)新增专项债券发行公开,2026-06-08,https://www.celma.org.cn/fxqgg/69218.jhtml,fxqgg,announcement,甘肃省,62,new_special,专项新增债券,,,,,,,,,,,,,,,ocr,未能从表格解析分期明细，本行为整篇公告级别的合并记录; 未找到招标日期; 本行来自OCR识别，数值型字段准确性需人工核对
2026年甘肃省政府收费公路专项债券（三期）——2026年甘肃省政府专项债券（二十期）新增专项债券发行公开,2026-06-08,https://www.celma.org.cn/fxqgg/69224.jhtml,fxqgg,announcement,甘肃省,62,new_special,专项新增债券,,,,,,,,,,,,,,,ocr,未能从表格解析分期明细，本行为整篇公告级别的合并记录; 未找到招标日期; 本行来自OCR识别，数值型字段准确性需人工核对
2026年吉林省2026年第3批公开发行新增专项债券发行公开,2026-06-09,https://www.celma.org.cn/fxqgg/69250.jhtml,fxqgg,announcement,吉林省,22,new_special,专项新增债券,,,3.0,,,,2026-06-16,招标日,2026-06-17,,7,5,,,ocr,未能从表格解析分期明细，本行为整篇公告级别的合并记录; 本行来自OCR识别，数值型字段准确性需人工核对
2026年黑龙江省城乡发展专项债券（三期）-2026年黑龙江省政府专项债券（五期）新增专项债券发行公开,2026-06-09,https://www.celma.org.cn/fxqgg/69207.jhtml,fxqgg,announcement,黑龙江省,23,new_special,专项新增债券,,,,,,,2026-06-16,招标日,2026-06-17,,7,5,,,ocr,未能从表格解析分期明细，本行为整篇公告级别的合并记录; 本行来自OCR识别，数值型字段准确性需人工核对
2026年黑龙江省城乡发展专项债券（六期）-2026年黑龙江省政府专项债券（八期）新增专项债券发行公开,2026-06-09,https://www.celma.org.cn/fxqgg/69210.jhtml,fxqgg,announcement,黑龙江省,23,new_special,专项新增债券,,,,,,,2026-06-16,招标日,2026-06-17,,7,5,,,ocr,未能从表格解析分期明细，本行为整篇公告级别的合并记录; 本行来自OCR识别，数值型字段准确性需人工核对
2026年黑龙江省政府再融资专项债券（三期）再融资债券发行公开,2026-06-09,https://www.celma.org.cn/fxqgg/69204.jhtml,fxqgg,announcement,黑龙江省,23,refinancing,再融资债券,专项,,,,,,2026-06-16,招标日,2026-06-17,,7,5,,,ocr,未能从表格解析分期明细，本行为整篇公告级别的合并记录; 本行来自OCR识别，数值型字段准确性需人工核对
2026年山东省第六批新增专项（三十期-三十四期）新增专项债券发行公开,2026-06-10,https://www.celma.org.cn/fxqgg/69268.jhtml,fxqgg,announcement,山东省,37,new_special,专项新增债券,,,6.0,33.0,,10.02,2026-06-17,招标日,,,7,5,鲁财库〔2026〕26 号,2026 年山东省政府专项债券（三十三期）,text,未能识别发行期限
2026年山东省第六批新增专项（三十期-三十四期）新增专项债券发行公开,2026-06-10,https://www.celma.org.cn/fxqgg/69268.jhtml,fxqgg,announcement,山东省,37,new_special,专项新增债券,,,6.0,34.0,,5.56,2026-06-17,招标日,,,7,5,鲁财库〔2026〕26 号,2026 年山东省政府专项债券（三十四期）,text,未能识别发行期限
2026年山东省第六批新增专项（三十期-三十四期）新增专项债券发行公开,2026-06-10,https://www.celma.org.cn/fxqgg/69268.jhtml,fxqgg,announcement,山东省,37,new_special,专项新增债券,,,6.0,31.0,,89.59,2026-06-17,招标日,,,7,5,鲁财库〔2026〕26 号,2026 年山东省政府专项债券（三十一期）,text,未能识别发行期限
2026年山东省第六批新增专项（三十期-三十四期）新增专项债券发行公开,2026-06-10,https://www.celma.org.cn/fxqgg/69268.jhtml,fxqgg,announcement,山东省,37,new_special,专项新增债券,,,6.0,35.0,,10.65,2026-06-17,招标日,,,7,5,鲁财库〔2026〕26 号,2026 年山东省政府专项债券（三十五期）,text,未能识别发行期限
2026年山东省第六批新增专项（三十期-三十四期）新增专项债券发行公开,2026-06-10,https://www.celma.org.cn/fxqgg/69268.jhtml,fxqgg,announcement,山东省,37,new_special,专项新增债券,,,6.0,32.0,,52.75,2026-06-17,招标日,,,7,5,鲁财库〔2026〕26 号,2026 年山东省政府专项债券（三十二期）,text,未能识别发行期限
2026年内蒙古自治区2026年内蒙古自治区政府一般债券（二期）新增一般债券发行公开,2026-06-10,https://www.celma.org.cn/fxqgg/69279.jhtml,fxqgg,announcement,内蒙古自治区,15,new_general,一般新增债券,,,,,,,2026-06-17,招标日,2026-06-17,,7,5,内财债函〔2026〕335 号,,text,未能从表格解析分期明细，本行为整篇公告级别的合并记录
2026年山东省第六批新增专项（三十期-三十四期）新增专项债券发行公开,2026-06-10,https://www.celma.org.cn/fxqgg/69268.jhtml,fxqgg,announcement,山东省,37,new_special,专项新增债券,,,6.0,30.0,,6.86,2026-06-17,招标日,,,7,5,鲁财库〔2026〕26 号,2026 年山东省政府专项债券（三十期）,text,未能识别发行期限
2026年河南省2026年河南省政府再融资一般债券（六期）7年再融资债券发行公开,2026-06-11,https://www.celma.org.cn/fxqgg/69302.jhtml,fxqgg,announcement,河南省,41,refinancing,再融资债券,一般,,,,,,2026-06-18,招标日,,,7,5,,,ocr,未能从表格解析分期明细，本行为整篇公告级别的合并记录; 本行来自OCR识别，数值型字段准确性需人工核对
2026年河南省2026年河南省政府再融资专项债券（十三期）15年再融资债券发行公开,2026-06-11,https://www.celma.org.cn/fxqgg/69303.jhtml,fxqgg,announcement,河南省,41,refinancing,再融资债券,专项,,,,,,2026-06-18,招标日,,,7,5,,,ocr,未能从表格解析分期明细，本行为整篇公告级别的合并记录; 本行来自OCR识别，数值型字段准确性需人工核对
2026年河南省2026年河南省政府再融资专项债券（十四期）10年再融资债券发行公开,2026-06-11,https://www.celma.org.cn/fxqgg/69304.jhtml,fxqgg,announcement,河南省,41,refinancing,再融资债券,专项,,,,,,2026-06-18,招标日,,,7,5,,,ocr,未能从表格解析分期明细，本行为整篇公告级别的合并记录; 本行来自OCR识别，数值型字段准确性需人工核对
2026年深圳市2026年第四批专项债新增专项债券发行公开,2026-06-11,https://www.celma.org.cn/fxqgg/69293.jhtml,fxqgg,announcement,深圳市,4403,new_special,专项新增债券,,,4.0,,,,2026-06-22,招标日,2026-06-22,,11,6,,,ocr,未能从表格解析分期明细，本行为整篇公告级别的合并记录; 本行来自OCR识别，数值型字段准确性需人工核对
2026年河南省2026年河南省政府专项债券（三十四期）20年新增专项债券发行公开,2026-06-11,https://www.celma.org.cn/fxqgg/69428.jhtml,fxqgg,announcement,河南省,41,new_special,专项新增债券,,,,,,,2026-06-18,招标日,,,7,5,,,ocr,未能从表格解析分期明细，本行为整篇公告级别的合并记录; 本行来自OCR识别，数值型字段准确性需人工核对
2026年河南省2026年河南省政府再融资专项债券（十五期）30年再融资债券发行公开,2026-06-11,https://www.celma.org.cn/fxqgg/69425.jhtml,fxqgg,announcement,河南省,41,refinancing,再融资债券,专项,,,,,,2026-06-18,招标日,,,7,5,,,ocr,未能从表格解析分期明细，本行为整篇公告级别的合并记录; 本行来自OCR识别，数值型字段准确性需人工核对
2026年湖北省2026年湖北省第七批新增专项新增专项债券发行公开,2026-06-12,https://www.celma.org.cn/fxqgg/69316.jhtml,fxqgg,announcement,湖北省,42,new_special,专项新增债券,,,7.0,,,,2026-06-22,招标日,2026-06-22,,10,5,,,ocr,未能从表格解析分期明细，本行为整篇公告级别的合并记录; 本行来自OCR识别，数值型字段准确性需人工核对
2026年广西壮族自治区2026年6月新增专项债券批次（五年期）新增专项债券发行公开,2026-06-12,https://www.celma.org.cn/fxqgg/69312.jhtml,fxqgg,announcement,广西壮族自治区,45,,,,,,,,146.0,2026-06-22,招标日,,,10.0,5.0,桂财库〔2026〕42 号,,text,未能从债券名称识别品种(一般新增/专项新增/再融资); 未能识别发行期限
2026年广西壮族自治区2026年6月新增专项债券批次（七年期）新增专项债券发行公开,2026-06-12,https://www.celma.org.cn/fxqgg/69313.jhtml,fxqgg,announcement,广西壮族自治区,45,,,,,,,,146.0,2026-06-22,招标日,,,10.0,5.0,桂财库〔2026〕42 号,,text,未能从债券名称识别品种(一般新增/专项新增/再融资); 未能识别发行期限
2026年湖北省2026新增专项第七批新增专项债券发行公开,2026-06-12,https://www.celma.org.cn/fxqgg/69317.jhtml,fxqgg,announcement,湖北省,42,new_special,专项新增债券,,,7.0,,,,2026-06-22,招标日,2026-06-22,,10,5,,,ocr,未能从表格解析分期明细，本行为整篇公告级别的合并记录; 本行来自OCR识别，数值型字段准确性需人工核对
2026年湖南省第十七批再融资债券发行公开,2026-06-12,https://www.celma.org.cn/fxqgg/69310.jhtml,fxqgg,announcement,湖南省,43,refinancing,再融资债券,,,17.0,,,,2026-06-22,招标日,2026-06-23,,10,5,,,ocr,未能从表格解析分期明细，本行为整篇公告级别的合并记录; 本行来自OCR识别，数值型字段准确性需人工核对
2026年广西壮族自治区2026年6月新增专项债券批次（十年期）新增专项债券发行公开,2026-06-12,https://www.celma.org.cn/fxqgg/69314.jhtml,fxqgg,announcement,广西壮族自治区,45,,,,,,,,146.0,2026-06-22,招标日,,,10.0,5.0,桂财库〔2026〕42 号,,text,未能从债券名称识别品种(一般新增/专项新增/再融资); 未能识别发行期限
2026年江苏省2026年第八批江苏省政府债券发行新增专项债券发行公开,2026-06-15,https://www.celma.org.cn/fxqgg/69340.jhtml,fxqgg,announcement,江苏省,32,new_special,专项新增债券,,5Y,8.0,11.0,,105.56,2026-06-23,招标日,2026-06-24,,8.0,5.0,苏财债〔2026〕60号,2026年江苏省政府专项债券（十一期）,text,
2026年江苏省2026年第八批江苏省政府债券发行新增专项债券发行公开,2026-06-15,https://www.celma.org.cn/fxqgg/69340.jhtml,fxqgg,announcement,江苏省,32,new_special,专项新增债券,,5Y,8.0,10.0,,75.0,2026-06-23,招标日,2026-06-24,,8.0,5.0,苏财债〔2026〕60号,2026年江苏省政府专项债券（十期）,text,
2026年江苏省2026年第八批江苏省政府债券发行新增专项债券发行公开,2026-06-15,https://www.celma.org.cn/fxqgg/69339.jhtml,fxqgg,announcement,江苏省,32,new_special,专项新增债券,,5Y,8.0,2.0,,54.68,2026-06-23,招标日,2026-06-24,,8.0,5.0,苏财债〔2026〕60号,2026年江苏省土地储备专项债券（二期）-2026年江苏省政府专项债券（九期）,text,
2026年江苏省2026年第八批江苏省政府债券发行新增专项债券发行公开,2026-06-15,https://www.celma.org.cn/fxqgg/69339.jhtml,fxqgg,announcement,江苏省,32,new_special,专项新增债券,,5Y,8.0,11.0,,105.56,2026-06-23,招标日,2026-06-24,,8.0,5.0,苏财债〔2026〕60号,2026年江苏省政府专项债券（十一期）,text,
2026年江苏省2026年第八批江苏省政府债券发行新增专项债券发行公开,2026-06-15,https://www.celma.org.cn/fxqgg/69339.jhtml,fxqgg,announcement,江苏省,32,new_special,专项新增债券,,5Y,8.0,10.0,,75.0,2026-06-23,招标日,2026-06-24,,8.0,5.0,苏财债〔2026〕60号,2026年江苏省政府专项债券（十期）,text,
2026年江苏省2026年第八批江苏省政府债券发行新增专项债券发行公开,2026-06-15,https://www.celma.org.cn/fxqgg/69340.jhtml,fxqgg,announcement,江苏省,32,new_special,专项新增债券,,5Y,8.0,2.0,,54.68,2026-06-23,招标日,2026-06-24,,8.0,5.0,苏财债〔2026〕60号,2026年江苏省土地储备专项债券（二期）-2026年江苏省政府专项债券（九期）,text,
2026年江苏省2026年第八批江苏省政府债券发行（土储）新增专项债券发行公开,2026-06-16,https://www.celma.org.cn/fxqgg/69408.jhtml,fxqgg,announcement,江苏省,32,new_special,专项新增债券,,5Y,8.0,10.0,,75.0,2026-06-23,招标日,2026-06-24,,7.0,4.0,苏财债〔2026〕60号,2026年江苏省政府专项债券（十期）,text,
2026年江苏省2026年第八批江苏省政府债券发行（土储）新增专项债券发行公开,2026-06-16,https://www.celma.org.cn/fxqgg/69408.jhtml,fxqgg,announcement,江苏省,32,new_special,专项新增债券,,5Y,8.0,11.0,,105.56,2026-06-23,招标日,2026-06-24,,7.0,4.0,苏财债〔2026〕60号,2026年江苏省政府专项债券（十一期）,text,
2026年河南省2026年河南省棚改专项债券（十一期）7年新增专项债券发行公开,2026-06-16,https://www.celma.org.cn/fxqgg/69486.jhtml,fxqgg,announcement,河南省,41,,,,,,,,17.28,,招标日,,,,,,,text,未能从债券名称识别品种(一般新增/专项新增/再融资); 未能识别发行期限; 未找到招标日期
2026年河南省2026年河南省政府专项债券（三十八期）15年新增专项债券发行公开,2026-06-16,https://www.celma.org.cn/fxqgg/69483.jhtml,fxqgg,announcement,河南省,41,,,,,,,,17.28,,招标日,,,,,,,text,未能从债券名称识别品种(一般新增/专项新增/再融资); 未能识别发行期限; 未找到招标日期
2026年河南省2026年河南省棚改专项债券（十期）5年新增专项债券发行公开,2026-06-16,https://www.celma.org.cn/fxqgg/69485.jhtml,fxqgg,announcement,河南省,41,,,,,,,,17.28,,招标日,,,,,,,text,未能从债券名称识别品种(一般新增/专项新增/再融资); 未能识别发行期限; 未找到招标日期
2026年河北省2026年第十一批新增专项债券发行公开,2026-06-16,https://www.celma.org.cn/fxqgg/69358.jhtml,fxqgg,announcement,河北省,13,new_special,专项新增债券,,,11.0,,,514.743,2026-06-24,招标日,,,8.0,5.0,,,ocr,未能从表格解析分期明细，本行为整篇公告级别的合并记录; 本行来自OCR识别，数值型字段准确性需人工核对
2026年河北省2026年第十一批再融资债券发行公开,2026-06-16,https://www.celma.org.cn/fxqgg/69359.jhtml,fxqgg,announcement,河北省,13,refinancing,再融资债券,,,11.0,,,514.743,2026-06-24,招标日,,,8.0,5.0,,,ocr,未能从表格解析分期明细，本行为整篇公告级别的合并记录; 本行来自OCR识别，数值型字段准确性需人工核对
2026年河南省2026年河南省政府再融资专项债券（十六期）10年再融资债券发行公开,2026-06-16,https://www.celma.org.cn/fxqgg/69356.jhtml,fxqgg,announcement,河南省,41,,,,,,,,17.28,,招标日,,,,,,,text,未能从债券名称识别品种(一般新增/专项新增/再融资); 未能识别发行期限; 未找到招标日期
2026年河北省2026年第十一批新增一般债券发行公开,2026-06-16,https://www.celma.org.cn/fxqgg/69357.jhtml,fxqgg,announcement,河北省,13,new_general,一般新增债券,,,11.0,,,514.743,2026-06-24,招标日,,,8.0,5.0,,,ocr,未能从表格解析分期明细，本行为整篇公告级别的合并记录; 本行来自OCR识别，数值型字段准确性需人工核对
2026年江苏省2026年第八批江苏省政府债券发行（土储）新增专项债券发行公开,2026-06-16,https://www.celma.org.cn/fxqgg/69408.jhtml,fxqgg,announcement,江苏省,32,new_special,专项新增债券,,5Y,8.0,2.0,,54.68,2026-06-23,招标日,2026-06-24,,7.0,4.0,苏财债〔2026〕60号,2026年江苏省土地储备专项债券（二期）-2026年江苏省政府专项债券（九期）,text,
2026年河南省2026年河南省政府专项债券（三十九期）30年新增专项债券发行公开,2026-06-16,https://www.celma.org.cn/fxqgg/69484.jhtml,fxqgg,announcement,河南省,41,,,,,,,,17.28,,招标日,,,,,,,text,未能从债券名称识别品种(一般新增/专项新增/再融资); 未能识别发行期限; 未找到招标日期
2026年河南省2026年河南省棚改专项债券（十二期）10年新增专项债券发行公开,2026-06-16,https://www.celma.org.cn/fxqgg/69487.jhtml,fxqgg,announcement,河南省,41,,,,,,,,17.28,,招标日,,,,,,,text,未能从债券名称识别品种(一般新增/专项新增/再融资); 未能识别发行期限; 未找到招标日期
2026年海南省海南2026年6月发行债券再融资债券发行公开,2026-06-17,https://www.celma.org.cn/fxqgg/69364.jhtml,fxqgg,announcement,海南省,46,refinancing,再融资债券,专项,15Y,,2.0,,8.028,2026-06-25,招标日,2026-06-26,,8.0,5.0,琼财债〔2026〕489 号,2026年海南省政府再融资专项债券（二期）,text,
2026年海南省海南2026年6月发行债券新增一般债券发行公开,2026-06-17,https://www.celma.org.cn/fxqgg/69363.jhtml,fxqgg,announcement,海南省,46,new_general,一般新增债券,,20Y,,4.0,,25.0,2026-06-25,招标日,2026-06-26,,8.0,5.0,琼财债〔2026〕489 号,2026年海南省政府一般债券（四期）,text,
2026年海南省海南2026年6月发行债券新增专项债券发行公开,2026-06-17,https://www.celma.org.cn/fxqgg/69365.jhtml,fxqgg,announcement,海南省,46,new_general,一般新增债券,,20Y,,4.0,,25.0,2026-06-25,招标日,2026-06-26,,8.0,5.0,琼财债〔2026〕489 号,2026年海南省政府一般债券（四期）,text,
2026年海南省海南2026年6月发行债券新增一般债券发行公开,2026-06-17,https://www.celma.org.cn/fxqgg/69363.jhtml,fxqgg,announcement,海南省,46,new_special,专项新增债券,,30Y,,3.0,,25.3,2026-06-25,招标日,2026-06-26,,8.0,5.0,琼财债〔2026〕489 号,2026年海南省收费公路专项债券（三期）-2026年海南省政府专项债券（十五期）,text,
2026年海南省海南2026年6月发行债券新增一般债券发行公开,2026-06-17,https://www.celma.org.cn/fxqgg/69363.jhtml,fxqgg,announcement,海南省,46,new_special,专项新增债券,,30Y,,14.0,,3.3,2026-06-25,招标日,2026-06-26,,8.0,5.0,琼财债〔2026〕489 号,2026年海南省政府专项债券（十四期）,text,
2026年海南省海南2026年6月发行债券新增专项债券发行公开,2026-06-17,https://www.celma.org.cn/fxqgg/69365.jhtml,fxqgg,announcement,海南省,46,new_special,专项新增债券,,30Y,,13.0,,18.34,2026-06-25,招标日,2026-06-26,,8.0,5.0,琼财债〔2026〕489 号,2026年海南省政府专项债券（十三期）,text,
2026年大连市2026年第五批新增专项债券发行公开,2026-06-17,https://www.celma.org.cn/fxqgg/69376.jhtml,fxqgg,announcement,大连市,2102,new_special,专项新增债券,,,5.0,,,,2026-06-26,招标日,2026-06-26,,9.0,6.0,,,ocr,未能从表格解析分期明细，本行为整篇公告级别的合并记录; 本行来自OCR识别，数值型字段准确性需人工核对
2026年海南省海南2026年6月发行债券再融资债券发行公开,2026-06-17,https://www.celma.org.cn/fxqgg/69364.jhtml,fxqgg,announcement,海南省,46,new_special,专项新增债券,,20Y,,12.0,,33.1,2026-06-25,招标日,2026-06-26,,8.0,5.0,琼财债〔2026〕489 号,2026年海南省政府专项债券（十二期）,text,
2026年新疆维吾尔自治区2026年自治区第八批地方政府债券新增专项债券发行公开,2026-06-17,https://www.celma.org.cn/fxqgg/69382.jhtml,fxqgg,announcement,新疆维吾尔自治区,65,new_special,专项新增债券,,,8.0,,,,2026-06-25,招标日,2026-06-25,,8.0,5.0,,,ocr,未能从表格解析分期明细，本行为整篇公告级别的合并记录; 本行来自OCR识别，数值型字段准确性需人工核对
2026年海南省海南2026年6月发行债券新增一般债券发行公开,2026-06-17,https://www.celma.org.cn/fxqgg/69363.jhtml,fxqgg,announcement,海南省,46,refinancing,再融资债券,一般,7Y,,3.0,,25.0,2026-06-25,招标日,2026-06-26,,8.0,5.0,琼财债〔2026〕489 号,2026年海南省政府再融资一般债券（三期）,text,
2026年海南省海南2026年6月发行债券新增一般债券发行公开,2026-06-17,https://www.celma.org.cn/fxqgg/69363.jhtml,fxqgg,announcement,海南省,46,new_special,专项新增债券,,30Y,,13.0,,18.34,2026-06-25,招标日,2026-06-26,,8.0,5.0,琼财债〔2026〕489 号,2026年海南省政府专项债券（十三期）,text,
2026年海南省海南2026年6月发行债券再融资债券发行公开,2026-06-17,https://www.celma.org.cn/fxqgg/69364.jhtml,fxqgg,announcement,海南省,46,new_special,专项新增债券,,30Y,,14.0,,3.3,2026-06-25,招标日,2026-06-26,,8.0,5.0,琼财债〔2026〕489 号,2026年海南省政府专项债券（十四期）,text,
2026年海南省海南2026年6月发行债券再融资债券发行公开,2026-06-17,https://www.celma.org.cn/fxqgg/69364.jhtml,fxqgg,announcement,海南省,46,new_special,专项新增债券,,10Y,,11.0,,13.11,2026-06-25,招标日,2026-06-26,,8.0,5.0,琼财债〔2026〕489 号,2026年海南省政府专项债券（十一期）,text,
2026年海南省海南2026年6月发行债券新增专项债券发行公开,2026-06-17,https://www.celma.org.cn/fxqgg/69365.jhtml,fxqgg,announcement,海南省,46,new_special,专项新增债券,,10Y,,11.0,,13.11,2026-06-25,招标日,2026-06-26,,8.0,5.0,琼财债〔2026〕489 号,2026年海南省政府专项债券（十一期）,text,
2026年海南省海南2026年6月发行债券新增专项债券发行公开,2026-06-17,https://www.celma.org.cn/fxqgg/69365.jhtml,fxqgg,announcement,海南省,46,refinancing,再融资债券,专项,15Y,,2.0,,8.028,2026-06-25,招标日,2026-06-26,,8.0,5.0,琼财债〔2026〕489 号,2026年海南省政府再融资专项债券（二期）,text,
2026年海南省海南2026年6月发行债券新增一般债券发行公开,2026-06-17,https://www.celma.org.cn/fxqgg/69363.jhtml,fxqgg,announcement,海南省,46,new_special,专项新增债券,,10Y,,11.0,,13.11,2026-06-25,招标日,2026-06-26,,8.0,5.0,琼财债〔2026〕489 号,2026年海南省政府专项债券（十一期）,text,
2026年海南省海南2026年6月发行债券新增一般债券发行公开,2026-06-17,https://www.celma.org.cn/fxqgg/69363.jhtml,fxqgg,announcement,海南省,46,refinancing,再融资债券,一般,10Y,,4.0,,28.1,2026-06-25,招标日,2026-06-26,,8.0,5.0,琼财债〔2026〕489 号,2026年海南省政府再融资一般债券（四期）,text,
2026年大连市2026第二批新增一般债券发行公开,2026-06-17,https://www.celma.org.cn/fxqgg/69377.jhtml,fxqgg,announcement,大连市,2102,new_general,一般新增债券,,,2.0,,,,2026-06-26,招标日,2026-06-26,,9.0,6.0,,,ocr,未能从表格解析分期明细，本行为整篇公告级别的合并记录; 本行来自OCR识别，数值型字段准确性需人工核对
2026年新疆维吾尔自治区2026年自治区第八批地方政府债券新增一般债券发行公开,2026-06-17,https://www.celma.org.cn/fxqgg/69381.jhtml,fxqgg,announcement,新疆维吾尔自治区,65,new_general,一般新增债券,,,8.0,,,,2026-06-25,招标日,2026-06-25,,8.0,5.0,,,ocr,未能从表格解析分期明细，本行为整篇公告级别的合并记录; 本行来自OCR识别，数值型字段准确性需人工核对
2026年海南省海南2026年6月发行债券新增专项债券发行公开,2026-06-17,https://www.celma.org.cn/fxqgg/69365.jhtml,fxqgg,announcement,海南省,46,new_special,专项新增债券,,30Y,,3.0,,25.3,2026-06-25,招标日,2026-06-26,,8.0,5.0,琼财债〔2026〕489 号,2026年海南省收费公路专项债券（三期）-2026年海南省政府专项债券（十五期）,text,
2026年海南省海南2026年6月发行债券再融资债券发行公开,2026-06-17,https://www.celma.org.cn/fxqgg/69364.jhtml,fxqgg,announcement,海南省,46,new_general,一般新增债券,,20Y,,4.0,,25.0,2026-06-25,招标日,2026-06-26,,8.0,5.0,琼财债〔2026〕489 号,2026年海南省政府一般债券（四期）,text,
2026年海南省海南2026年6月发行债券新增专项债券发行公开,2026-06-17,https://www.celma.org.cn/fxqgg/69365.jhtml,fxqgg,announcement,海南省,46,refinancing,再融资债券,一般,7Y,,3.0,,25.0,2026-06-25,招标日,2026-06-26,,8.0,5.0,琼财债〔2026〕489 号,2026年海南省政府再融资一般债券（三期）,text,
2026年海南省海南2026年6月发行债券新增专项债券发行公开,2026-06-17,https://www.celma.org.cn/fxqgg/69365.jhtml,fxqgg,announcement,海南省,46,refinancing,再融资债券,专项,15Y,,3.0,,8.6,2026-06-25,招标日,2026-06-26,,8.0,5.0,琼财债〔2026〕489 号,2026年海南省政府再融资专项债券（三期）,text,
2026年海南省海南2026年6月发行债券再融资债券发行公开,2026-06-17,https://www.celma.org.cn/fxqgg/69364.jhtml,fxqgg,announcement,海南省,46,new_special,专项新增债券,,30Y,,13.0,,18.34,2026-06-25,招标日,2026-06-26,,8.0,5.0,琼财债〔2026〕489 号,2026年海南省政府专项债券（十三期）,text,
2026年海南省海南2026年6月发行债券新增专项债券发行公开,2026-06-17,https://www.celma.org.cn/fxqgg/69365.jhtml,fxqgg,announcement,海南省,46,new_special,专项新增债券,,30Y,,14.0,,3.3,2026-06-25,招标日,2026-06-26,,8.0,5.0,琼财债〔2026〕489 号,2026年海南省政府专项债券（十四期）,text,
2026年海南省海南2026年6月发行债券新增一般债券发行公开,2026-06-17,https://www.celma.org.cn/fxqgg/69363.jhtml,fxqgg,announcement,海南省,46,refinancing,再融资债券,专项,15Y,,2.0,,8.028,2026-06-25,招标日,2026-06-26,,8.0,5.0,琼财债〔2026〕489 号,2026年海南省政府再融资专项债券（二期）,text,
2026年海南省海南2026年6月发行债券再融资债券发行公开,2026-06-17,https://www.celma.org.cn/fxqgg/69364.jhtml,fxqgg,announcement,海南省,46,refinancing,再融资债券,一般,10Y,,4.0,,28.1,2026-06-25,招标日,2026-06-26,,8.0,5.0,琼财债〔2026〕489 号,2026年海南省政府再融资一般债券（四期）,text,
2026年海南省海南2026年6月发行债券再融资债券发行公开,2026-06-17,https://www.celma.org.cn/fxqgg/69364.jhtml,fxqgg,announcement,海南省,46,new_special,专项新增债券,,30Y,,3.0,,25.3,2026-06-25,招标日,2026-06-26,,8.0,5.0,琼财债〔2026〕489 号,2026年海南省收费公路专项债券（三期）-2026年海南省政府专项债券（十五期）,text,
2026年海南省海南2026年6月发行债券新增一般债券发行公开,2026-06-17,https://www.celma.org.cn/fxqgg/69363.jhtml,fxqgg,announcement,海南省,46,refinancing,再融资债券,专项,15Y,,3.0,,8.6,2026-06-25,招标日,2026-06-26,,8.0,5.0,琼财债〔2026〕489 号,2026年海南省政府再融资专项债券（三期）,text,
2026年海南省海南2026年6月发行债券再融资债券发行公开,2026-06-17,https://www.celma.org.cn/fxqgg/69364.jhtml,fxqgg,announcement,海南省,46,refinancing,再融资债券,专项,15Y,,3.0,,8.6,2026-06-25,招标日,2026-06-26,,8.0,5.0,琼财债〔2026〕489 号,2026年海南省政府再融资专项债券（三期）,text,
2026年湖南省2026年第十八批新增专项债券发行公开,2026-06-17,https://www.celma.org.cn/fxqgg/69417.jhtml,fxqgg,announcement,湖南省,43,new_special,专项新增债券,,,18.0,12.0,,78.11,2026-06-25,招标日,2026-06-26,,8.0,5.0,湘财债管〔2026〕33 号,2026年湖南省政府专项债券（十二期）,text,未能识别发行期限
2026年海南省海南2026年6月发行债券新增专项债券发行公开,2026-06-17,https://www.celma.org.cn/fxqgg/69365.jhtml,fxqgg,announcement,海南省,46,refinancing,再融资债券,一般,10Y,,4.0,,28.1,2026-06-25,招标日,2026-06-26,,8.0,5.0,琼财债〔2026〕489 号,2026年海南省政府再融资一般债券（四期）,text,
2026年海南省海南2026年6月发行债券再融资债券发行公开,2026-06-17,https://www.celma.org.cn/fxqgg/69364.jhtml,fxqgg,announcement,海南省,46,refinancing,再融资债券,一般,7Y,,3.0,,25.0,2026-06-25,招标日,2026-06-26,,8.0,5.0,琼财债〔2026〕489 号,2026年海南省政府再融资一般债券（三期）,text,
2026年海南省海南2026年6月发行债券新增一般债券发行公开,2026-06-17,https://www.celma.org.cn/fxqgg/69363.jhtml,fxqgg,announcement,海南省,46,new_special,专项新增债券,,20Y,,12.0,,33.1,2026-06-25,招标日,2026-06-26,,8.0,5.0,琼财债〔2026〕489 号,2026年海南省政府专项债券（十二期）,text,
2026年海南省海南2026年6月发行债券新增专项债券发行公开,2026-06-17,https://www.celma.org.cn/fxqgg/69365.jhtml,fxqgg,announcement,海南省,46,new_special,专项新增债券,,20Y,,12.0,,33.1,2026-06-25,招标日,2026-06-26,,8.0,5.0,琼财债〔2026〕489 号,2026年海南省政府专项债券（十二期）,text,
2026年月广东省2026年第六批再融资债券发行公开,2026-06-18,https://www.celma.org.cn/fxqgg/69414.jhtml,fxqgg,announcement,广东省,44,,,,5Y,6.0,,,38.19,2026-06-12,招标日,,,-6.0,,粤财债〔2026〕40号,,text,未能从债券名称识别品种(一般新增/专项新增/再融资); 公告发布日期晚于PDF内招标日期(负值)，可能是celma.org.cn平台镜像/上传延迟而非真实违规，建议核对省级财政厅官网原始发布时间
2026年月广东省2026年第六批再融资债券发行公开,2026-06-18,https://www.celma.org.cn/fxqgg/69414.jhtml,fxqgg,announcement,广东省,44,,,,10Y,6.0,,,47.74,2026-06-12,招标日,,,-6.0,,粤财债〔2026〕40号,,text,未能从债券名称识别品种(一般新增/专项新增/再融资); 公告发布日期晚于PDF内招标日期(负值)，可能是celma.org.cn平台镜像/上传延迟而非真实违规，建议核对省级财政厅官网原始发布时间
2026年宁波市第三批新增专项债券发行公开,2026-06-18,https://www.celma.org.cn/fxqgg/69394.jhtml,fxqgg,announcement,宁波市,3302,new_special,专项新增债券,,,3.0,,,,2026-06-26,招标日,,,8.0,5.0,,,ocr,未能从表格解析分期明细，本行为整篇公告级别的合并记录; 本行来自OCR识别，数值型字段准确性需人工核对
2026年月广东省2026年第六批新增专项债券发行公开,2026-06-18,https://www.celma.org.cn/fxqgg/69415.jhtml,fxqgg,announcement,广东省,44,,,,7Y,6.0,,,182.3833,,招标日,,,,,粤财债〔2026〕39号,,text,未能从债券名称识别品种(一般新增/专项新增/再融资); 未找到招标日期
2026年月广东省2026年第六批新增专项债券发行公开,2026-06-18,https://www.celma.org.cn/fxqgg/69415.jhtml,fxqgg,announcement,广东省,44,,,,30Y,6.0,,,128.9,,招标日,,,,,粤财债〔2026〕39号,,text,未能从债券名称识别品种(一般新增/专项新增/再融资); 未找到招标日期
2026年月广东省2026年第六批新增专项债券发行公开,2026-06-18,https://www.celma.org.cn/fxqgg/69415.jhtml,fxqgg,announcement,广东省,44,,,,,6.0,,,707.502,,招标日,,,,,粤财债〔2026〕39号,,text,未能从债券名称识别品种(一般新增/专项新增/再融资); 未能识别发行期限; 未找到招标日期
2026年福建省2026年第十批（新增）新增专项债券发行公开,2026-06-18,https://www.celma.org.cn/fxqgg/69387.jhtml,fxqgg,announcement,福建省,35,new_special,专项新增债券,,,10.0,,,,2026-06-26,招标日,2026-06-29,,8.0,5.0,,,ocr,未能从表格解析分期明细，本行为整篇公告级别的合并记录; 本行来自OCR识别，数值型字段准确性需人工核对
2026年月广东省2026年第六批新增专项债券发行公开,2026-06-18,https://www.celma.org.cn/fxqgg/69415.jhtml,fxqgg,announcement,广东省,44,,,,20Y,6.0,,,82.1811,,招标日,,,,,粤财债〔2026〕39号,,text,未能从债券名称识别品种(一般新增/专项新增/再融资); 未找到招标日期
2026年月广东省2026年第六批新增专项债券发行公开,2026-06-18,https://www.celma.org.cn/fxqgg/69415.jhtml,fxqgg,announcement,广东省,44,,,,10Y,6.0,,,170.7317,,招标日,,,,,粤财债〔2026〕39号,,text,未能从债券名称识别品种(一般新增/专项新增/再融资); 未找到招标日期
2026年湖北省2026年湖北省第八批-再融资专项第七批再融资债券发行公开,2026-06-22,https://www.celma.org.cn/fxqgg/69439.jhtml,fxqgg,announcement,湖北省,42,refinancing,再融资债券,专项,,8.0,,,,2026-06-29,招标日,2026-06-29,,7.0,5.0,,,ocr,未能从表格解析分期明细，本行为整篇公告级别的合并记录; 本行来自OCR识别，数值型字段准确性需人工核对
2026年四川省2026第七批次公开（0630）新增专项债券发行公开,2026-06-22,https://www.celma.org.cn/fxqgg/69447.jhtml,fxqgg,announcement,四川省,51,new_special,专项新增债券,,,7.0,27.0,,2.2431,2026-06-30,招标日,2026-07-01,,8.0,6.0,川财债〔2026〕15 号,2026年四川省政府专项债券（二十七期）,text,未能识别发行期限
2026年云南省2026年第九批新增专项债券发行公开,2026-06-22,https://www.celma.org.cn/fxqgg/69432.jhtml,fxqgg,announcement,云南省,53,new_special,专项新增债券,,,9.0,,,,2026-06-29,招标日,,,7.0,5.0,,,ocr,未能从表格解析分期明细，本行为整篇公告级别的合并记录; 本行来自OCR识别，数值型字段准确性需人工核对
2026年浙江省2026年第七次公开发行新增一般债券发行公开,2026-06-22,https://www.celma.org.cn/fxqgg/69433.jhtml,fxqgg,announcement,浙江省,33,new_general,一般新增债券,,,,,,,2026-06-29,招标日,2026-06-30,,7.0,5.0,,,ocr,未能从表格解析分期明细，本行为整篇公告级别的合并记录; 本行来自OCR识别，数值型字段准确性需人工核对
2026年四川省2026第七批次公开（0630）新增专项债券发行公开,2026-06-22,https://www.celma.org.cn/fxqgg/69447.jhtml,fxqgg,announcement,四川省,51,new_special,专项新增债券,,,7.0,25.0,,26.5716,2026-06-30,招标日,2026-07-01,,8.0,6.0,川财债〔2026〕15 号,2026年四川省政府专项债券（二十五期）,text,未能识别发行期限
2026年四川省2026第七批次公开（0630）新增专项债券发行公开,2026-06-22,https://www.celma.org.cn/fxqgg/69447.jhtml,fxqgg,announcement,四川省,51,new_special,专项新增债券,,,7.0,29.0,,25.489,2026-06-30,招标日,2026-07-01,,8.0,6.0,川财债〔2026〕15 号,2026年四川省政府专项债券（二十九期）,text,未能识别发行期限
2026年浙江省2026年第七次公开发行新增专项债券发行公开,2026-06-22,https://www.celma.org.cn/fxqgg/69440.jhtml,fxqgg,announcement,浙江省,33,new_special,专项新增债券,,,,,,,2026-06-29,招标日,2026-06-30,,7.0,5.0,,,ocr,未能从表格解析分期明细，本行为整篇公告级别的合并记录; 本行来自OCR识别，数值型字段准确性需人工核对
2026年四川省2026第七批次公开（0630）新增专项债券发行公开,2026-06-22,https://www.celma.org.cn/fxqgg/69447.jhtml,fxqgg,announcement,四川省,51,new_special,专项新增债券,,,7.0,30.0,,1.06,2026-06-30,招标日,2026-07-01,,8.0,6.0,川财债〔2026〕15 号,2026年四川省政府专项债券（三十期）,text,未能识别发行期限
2026年湖北省2026年湖北省第八批-再融资一般第六批再融资债券发行公开,2026-06-22,https://www.celma.org.cn/fxqgg/69438.jhtml,fxqgg,announcement,湖北省,42,refinancing,再融资债券,一般,,8.0,,,,2026-06-29,招标日,2026-06-29,,7.0,5.0,,,ocr,未能从表格解析分期明细，本行为整篇公告级别的合并记录; 本行来自OCR识别，数值型字段准确性需人工核对
2026年北京市2026年6月29日公开发行专项债券新增专项债券发行公开,2026-06-22,https://www.celma.org.cn/fxqgg/69445.jhtml,fxqgg,announcement,北京市,11,new_special,专项新增债券,,1Y,,16.0,,1.46,2026-06-29,招标日,2026-06-30,,7.0,5.0,京财国库〔2026〕745 号,2026年北京市政府专项债券（十六期）,text,
2026年浙江省2026年第七次公开发行再融资债券发行公开,2026-06-22,https://www.celma.org.cn/fxqgg/69434.jhtml,fxqgg,announcement,浙江省,33,refinancing,再融资债券,,,,,,,,,,,,,,,ocr,未能从表格解析分期明细，本行为整篇公告级别的合并记录; 未找到招标日期; 本行来自OCR识别，数值型字段准确性需人工核对
2026年四川省2026第七批次公开（0630）新增专项债券发行公开,2026-06-22,https://www.celma.org.cn/fxqgg/69447.jhtml,fxqgg,announcement,四川省,51,new_special,专项新增债券,,,7.0,28.0,,4.6152,2026-06-30,招标日,2026-07-01,,8.0,6.0,川财债〔2026〕15 号,2026年四川省政府专项债券（二十八期）,text,未能识别发行期限
2026年厦门市2026年第二批新增新增专项债券发行公开,2026-06-22,https://www.celma.org.cn/fxqgg/69446.jhtml,fxqgg,announcement,厦门市,3502,new_special,专项新增债券,,,2.0,,,91.0,2026-06-29,招标日,,,7.0,5.0,,,ocr,未能从表格解析分期明细，本行为整篇公告级别的合并记录; 本行来自OCR识别，数值型字段准确性需人工核对
2026年北京市2026年6月29日公开发行专项债券新增专项债券发行公开,2026-06-22,https://www.celma.org.cn/fxqgg/69445.jhtml,fxqgg,announcement,北京市,11,new_special,专项新增债券,,3Y,,18.0,,14.51,2026-06-29,招标日,2026-06-30,,7.0,5.0,京财国库〔2026〕745 号,2026年北京市政府专项债券（十八期）,text,
2026年四川省2026第七批次公开（0630）新增专项债券发行公开,2026-06-22,https://www.celma.org.cn/fxqgg/69447.jhtml,fxqgg,announcement,四川省,51,new_special,专项新增债券,,,7.0,26.0,,5.98,2026-06-30,招标日,2026-07-01,,8.0,6.0,川财债〔2026〕15 号,2026年四川省政府专项债券（二十六期）,text,未能识别发行期限
2026年北京市2026年6月29日公开发行专项债券新增专项债券发行公开,2026-06-22,https://www.celma.org.cn/fxqgg/69445.jhtml,fxqgg,announcement,北京市,11,new_special,专项新增债券,,2Y,,17.0,,4.8,2026-06-29,招标日,2026-06-30,,7.0,5.0,京财国库〔2026〕745 号,2026年北京市政府专项债券（十七期）,text,
2026年湖北省2026年湖北省第八批新增专项新增专项债券发行公开,2026-06-22,https://www.celma.org.cn/fxqgg/69448.jhtml,fxqgg,announcement,湖北省,42,new_special,专项新增债券,,,8.0,,,,2026-06-29,招标日,2026-06-29,,7.0,5.0,,,ocr,未能从表格解析分期明细，本行为整篇公告级别的合并记录; 本行来自OCR识别，数值型字段准确性需人工核对
2026年山东省第七批新增专项（三十六期-四十期）新增专项债券发行公开,2026-06-23,https://www.celma.org.cn/fxqgg/69453.jhtml,fxqgg,announcement,山东省,37,new_special,专项新增债券,,,7.0,36.0,,1.1,2026-06-30,招标日,,,7.0,5.0,鲁财库〔2026〕30 号,2026 年山东省政府专项债券（三十六期）,text,未能识别发行期限
2026年山东省第七批新增专项（三十六期-四十期）新增专项债券发行公开,2026-06-23,https://www.celma.org.cn/fxqgg/69453.jhtml,fxqgg,announcement,山东省,37,new_special,专项新增债券,,,7.0,39.0,,1.62,2026-06-30,招标日,,,7.0,5.0,鲁财库〔2026〕30 号,2026 年山东省政府专项债券（三十九期）,text,未能识别发行期限
2026年山东省第七批新增专项（三十六期-四十期）新增专项债券发行公开,2026-06-23,https://www.celma.org.cn/fxqgg/69453.jhtml,fxqgg,announcement,山东省,37,new_special,专项新增债券,,,7.0,40.0,,1.37,2026-06-30,招标日,,,7.0,5.0,鲁财库〔2026〕30 号,2026 年山东省政府专项债券（四十期）,text,未能识别发行期限
2026年山西省2026年第五批新增专项（30年期）新增专项债券发行公开,2026-06-23,https://www.celma.org.cn/fxqgg/69463.jhtml,fxqgg,announcement,山西省,14,new_special,专项新增债券,,,5.0,,,,,,,,,,,,ocr,未能从表格解析分期明细，本行为整篇公告级别的合并记录; 未找到招标日期; 本行来自OCR识别，数值型字段准确性需人工核对
2026年山东省第六批新增专项（四十一期）新增专项债券发行公开,2026-06-23,https://www.celma.org.cn/fxqgg/69454.jhtml,fxqgg,announcement,山东省,37,new_special,专项新增债券,,,6.0,39.0,,1.62,2026-06-30,招标日,,,7.0,5.0,鲁财库〔2026〕30 号,2026 年山东省政府专项债券（三十九期）,text,未能识别发行期限
2026年山西省2026年第五批新增专项（15年期）新增专项债券发行公开,2026-06-23,https://www.celma.org.cn/fxqgg/69462.jhtml,fxqgg,announcement,山西省,14,new_special,专项新增债券,,,5.0,,,,,,,,,,,,ocr,未能从表格解析分期明细，本行为整篇公告级别的合并记录; 未找到招标日期; 本行来自OCR识别，数值型字段准确性需人工核对
2026年山东省第七批新增专项（三十六期-四十期）新增专项债券发行公开,2026-06-23,https://www.celma.org.cn/fxqgg/69453.jhtml,fxqgg,announcement,山东省,37,new_special,专项新增债券,,,7.0,41.0,,3.34,2026-06-30,招标日,,,7.0,5.0,鲁财库〔2026〕30 号,2026 年山东省政府专项债券（四十一期）,text,未能识别发行期限
2026年山东省第六批新增专项（四十一期）新增专项债券发行公开,2026-06-23,https://www.celma.org.cn/fxqgg/69454.jhtml,fxqgg,announcement,山东省,37,new_special,专项新增债券,,,6.0,41.0,,3.34,2026-06-30,招标日,,,7.0,5.0,鲁财库〔2026〕30 号,2026 年山东省政府专项债券（四十一期）,text,未能识别发行期限
2026年深圳市2026年第五批专项债新增专项债券发行公开,2026-06-23,https://www.celma.org.cn/fxqgg/69452.jhtml,fxqgg,announcement,深圳市,4403,new_special,专项新增债券,,,5.0,,,,2026-07-01,招标日,2026-07-01,,8.0,6.0,,,ocr,未能从表格解析分期明细，本行为整篇公告级别的合并记录; 本行来自OCR识别，数值型字段准确性需人工核对
2026年山西省 2026年第五批新增一般（5年期）新增一般债券发行公开,2026-06-23,https://www.celma.org.cn/fxqgg/69459.jhtml,fxqgg,announcement,山西省,14,new_general,一般新增债券,,,5.0,,,,,,,,,,,,ocr,未能从表格解析分期明细，本行为整篇公告级别的合并记录; 未找到招标日期; 本行来自OCR识别，数值型字段准确性需人工核对
2026年山西省2026年第五批再融资一般（10年期）再融资债券发行公开,2026-06-23,https://www.celma.org.cn/fxqgg/69465.jhtml,fxqgg,announcement,山西省,14,refinancing,再融资债券,一般,,5.0,,,,,,,,,,,,ocr,未能从表格解析分期明细，本行为整篇公告级别的合并记录; 未找到招标日期; 本行来自OCR识别，数值型字段准确性需人工核对
2026年山东省第七批新增专项（三十六期-四十期）新增专项债券发行公开,2026-06-23,https://www.celma.org.cn/fxqgg/69453.jhtml,fxqgg,announcement,山东省,37,new_special,专项新增债券,,,7.0,37.0,,45.41,2026-06-30,招标日,,,7.0,5.0,鲁财库〔2026〕30 号,2026 年山东省政府专项债券（三十七期）,text,未能识别发行期限
2026年山西省2026年第五批棚改专项（10年期）新增专项债券发行公开,2026-06-23,https://www.celma.org.cn/fxqgg/69460.jhtml,fxqgg,announcement,山西省,14,new_special,专项新增债券,,,5.0,,,,,,,,,,,,ocr,未能从表格解析分期明细，本行为整篇公告级别的合并记录; 未找到招标日期; 本行来自OCR识别，数值型字段准确性需人工核对
2026年山东省第六批新增专项（四十一期）新增专项债券发行公开,2026-06-23,https://www.celma.org.cn/fxqgg/69454.jhtml,fxqgg,announcement,山东省,37,new_special,专项新增债券,,,6.0,37.0,,45.41,2026-06-30,招标日,,,7.0,5.0,鲁财库〔2026〕30 号,2026 年山东省政府专项债券（三十七期）,text,未能识别发行期限
2026年重庆市2026年六月第二批债券新增专项债券发行公开,2026-06-23,https://www.celma.org.cn/fxqgg/69458.jhtml,fxqgg,announcement,重庆市,50,new_special,专项新增债券,,,2.0,,,128.74,2026-06-30,招标日,,,7.0,5.0,,,ocr,未能从表格解析分期明细，本行为整篇公告级别的合并记录; 本行来自OCR识别，数值型字段准确性需人工核对
2026年山东省第六批新增专项（四十一期）新增专项债券发行公开,2026-06-23,https://www.celma.org.cn/fxqgg/69454.jhtml,fxqgg,announcement,山东省,37,new_special,专项新增债券,,,6.0,40.0,,1.37,2026-06-30,招标日,,,7.0,5.0,鲁财库〔2026〕30 号,2026 年山东省政府专项债券（四十期）,text,未能识别发行期限
2026年山西省2026年第五批新增专项（20年期）新增专项债券发行公开,2026-06-23,https://www.celma.org.cn/fxqgg/69464.jhtml,fxqgg,announcement,山西省,14,new_special,专项新增债券,,,5.0,,,,,,,,,,,,ocr,未能从表格解析分期明细，本行为整篇公告级别的合并记录; 未找到招标日期; 本行来自OCR识别，数值型字段准确性需人工核对
2026年山东省第六批新增专项（四十一期）新增专项债券发行公开,2026-06-23,https://www.celma.org.cn/fxqgg/69454.jhtml,fxqgg,announcement,山东省,37,new_special,专项新增债券,,,6.0,36.0,,1.1,2026-06-30,招标日,,,7.0,5.0,鲁财库〔2026〕30 号,2026 年山东省政府专项债券（三十六期）,text,未能识别发行期限
2026年山东省第六批新增专项（四十一期）新增专项债券发行公开,2026-06-23,https://www.celma.org.cn/fxqgg/69454.jhtml,fxqgg,announcement,山东省,37,new_special,专项新增债券,,,6.0,38.0,,14.06,2026-06-30,招标日,,,7.0,5.0,鲁财库〔2026〕30 号,2026 年山东省政府专项债券（三十八期）,text,未能识别发行期限
2026年山东省第七批新增专项（三十六期-四十期）新增专项债券发行公开,2026-06-23,https://www.celma.org.cn/fxqgg/69453.jhtml,fxqgg,announcement,山东省,37,new_special,专项新增债券,,,7.0,38.0,,14.06,2026-06-30,招标日,,,7.0,5.0,鲁财库〔2026〕30 号,2026 年山东省政府专项债券（三十八期）,text,未能识别发行期限
2026年西藏自治区2026第三批新增一般债券新增一般债券发行公开,2026-06-25,https://www.celma.org.cn/fxqgg/69502.jhtml,fxqgg,announcement,西藏自治区,54,,,,5Y,3.0,,,9.9,2026-07-02,招标日,2026-07-03,,7.0,5.0,藏财债〔2026〕35 号,,text,未能从债券名称识别品种(一般新增/专项新增/再融资)
2026年西藏自治区2026第三批新增一般债券新增一般债券发行公开,2026-06-25,https://www.celma.org.cn/fxqgg/69502.jhtml,fxqgg,announcement,西藏自治区,54,,,,15Y,3.0,,,1.04,2026-07-02,招标日,2026-07-03,,7.0,5.0,藏财债〔2026〕35 号,,text,未能从债券名称识别品种(一般新增/专项新增/再融资)
2026年西藏自治区2026第三批新增专项债券新增专项债券发行公开,2026-06-25,https://www.celma.org.cn/fxqgg/69503.jhtml,fxqgg,announcement,西藏自治区,54,,,,5Y,3.0,,,9.9,2026-07-02,招标日,2026-07-03,,7.0,5.0,藏财债〔2026〕35 号,,text,未能从债券名称识别品种(一般新增/专项新增/再融资)
2026年西藏自治区2026第三批新增专项债券新增专项债券发行公开,2026-06-25,https://www.celma.org.cn/fxqgg/69503.jhtml,fxqgg,announcement,西藏自治区,54,,,,30Y,3.0,,,1.3,2026-07-02,招标日,2026-07-03,,7.0,5.0,藏财债〔2026〕35 号,,text,未能从债券名称识别品种(一般新增/专项新增/再融资)
2026年西藏自治区2026第三批新增专项债券新增专项债券发行公开,2026-06-25,https://www.celma.org.cn/fxqgg/69503.jhtml,fxqgg,announcement,西藏自治区,54,,,,7Y,3.0,,,13.18,2026-07-02,招标日,2026-07-03,,7.0,5.0,藏财债〔2026〕35 号,,text,未能从债券名称识别品种(一般新增/专项新增/再融资)
2026年西藏自治区2026第三批新增专项债券新增专项债券发行公开,2026-06-25,https://www.celma.org.cn/fxqgg/69503.jhtml,fxqgg,announcement,西藏自治区,54,,,,20Y,3.0,,,12.0119,2026-07-02,招标日,2026-07-03,,7.0,5.0,藏财债〔2026〕35 号,,text,未能从债券名称识别品种(一般新增/专项新增/再融资)
2026年西藏自治区2026第三批新增一般债券新增一般债券发行公开,2026-06-25,https://www.celma.org.cn/fxqgg/69502.jhtml,fxqgg,announcement,西藏自治区,54,,,,20Y,3.0,,,12.0119,2026-07-02,招标日,2026-07-03,,7.0,5.0,藏财债〔2026〕35 号,,text,未能从债券名称识别品种(一般新增/专项新增/再融资)
2026年西藏自治区2026第三批新增一般债券新增一般债券发行公开,2026-06-25,https://www.celma.org.cn/fxqgg/69502.jhtml,fxqgg,announcement,西藏自治区,54,,,,7Y,3.0,,,13.18,2026-07-02,招标日,2026-07-03,,7.0,5.0,藏财债〔2026〕35 号,,text,未能从债券名称识别品种(一般新增/专项新增/再融资)
2026年西藏自治区2026第三批新增一般债券新增一般债券发行公开,2026-06-25,https://www.celma.org.cn/fxqgg/69502.jhtml,fxqgg,announcement,西藏自治区,54,,,,30Y,3.0,,,1.3,2026-07-02,招标日,2026-07-03,,7.0,5.0,藏财债〔2026〕35 号,,text,未能从债券名称识别品种(一般新增/专项新增/再融资)
2026年西藏自治区2026第三批新增专项债券新增专项债券发行公开,2026-06-25,https://www.celma.org.cn/fxqgg/69503.jhtml,fxqgg,announcement,西藏自治区,54,,,,15Y,3.0,,,1.04,2026-07-02,招标日,2026-07-03,,7.0,5.0,藏财债〔2026〕35 号,,text,未能从债券名称识别品种(一般新增/专项新增/再融资)
2026年西藏自治区2026第三批新增一般债券新增一般债券发行公开,2026-06-25,https://www.celma.org.cn/fxqgg/69502.jhtml,fxqgg,announcement,西藏自治区,54,,,,10Y,3.0,,,0.6481,2026-07-02,招标日,2026-07-03,,7.0,5.0,藏财债〔2026〕35 号,,text,未能从债券名称识别品种(一般新增/专项新增/再融资)
2026年西藏自治区2026第三批新增专项债券新增专项债券发行公开,2026-06-25,https://www.celma.org.cn/fxqgg/69503.jhtml,fxqgg,announcement,西藏自治区,54,,,,10Y,3.0,,,0.6481,2026-07-02,招标日,2026-07-03,,7.0,5.0,藏财债〔2026〕35 号,,text,未能从债券名称识别品种(一般新增/专项新增/再融资)
2026年山西省2026年第五批（15年期）新增专项债券发行公开,2026-06-26,https://www.celma.org.cn/fxqgg/69514.jhtml,fxqgg,announcement,山西省,14,new_special,专项新增债券,,,5.0,,,,,,,,,,,,ocr,未能从表格解析分期明细，本行为整篇公告级别的合并记录; 未找到招标日期; 本行来自OCR识别，数值型字段准确性需人工核对
2026年新疆维吾尔自治区2026年自治区第七批地方政府债券新增专项债券发行公开,2026-06-26,https://www.celma.org.cn/fxqgg/69527.jhtml,fxqgg,announcement,新疆维吾尔自治区,65,new_special,专项新增债券,,,7.0,,,,2026-06-11,招标日,2026-06-11,,-15.0,,,,ocr,未能从表格解析分期明细，本行为整篇公告级别的合并记录; 本行来自OCR识别，数值型字段准确性需人工核对; 公告发布日期晚于PDF内招标日期(负值)，可能是celma.org.cn平台镜像/上传延迟而非真实违规，建议核对省级财政厅官网原始发布时间
2026年山西省2026年第五批新增专项（10年期）新增专项债券发行公开,2026-06-26,https://www.celma.org.cn/fxqgg/69512.jhtml,fxqgg,announcement,山西省,14,new_special,专项新增债券,,,5.0,,,,,,,,,,,,ocr,未能从表格解析分期明细，本行为整篇公告级别的合并记录; 未找到招标日期; 本行来自OCR识别，数值型字段准确性需人工核对
2026年山西省2026年第五批（15年期）新增专项债券发行公开,2026-06-26,https://www.celma.org.cn/fxqgg/69513.jhtml,fxqgg,announcement,山西省,14,new_special,专项新增债券,,,5.0,,,,,,,,,,,,ocr,未能从表格解析分期明细，本行为整篇公告级别的合并记录; 未找到招标日期; 本行来自OCR识别，数值型字段准确性需人工核对
2026年山西省2026年第五批（15年期）新增专项债券发行公开,2026-06-26,https://www.celma.org.cn/fxqgg/69515.jhtml,fxqgg,announcement,山西省,14,new_special,专项新增债券,,,5.0,,,,,,,,,,,,ocr,未能从表格解析分期明细，本行为整篇公告级别的合并记录; 未找到招标日期; 本行来自OCR识别，数值型字段准确性需人工核对
2026年天津市2026年第五批新增专项债券发行公开,2026-06-30,https://www.celma.org.cn/fxqgg/69611.jhtml,fxqgg,announcement,天津市,12,new_special,专项新增债券,,,5,,,,,,,,,,,,text,未能从表格解析分期明细，本行为整篇公告级别的合并记录; 未找到招标日期
2026年陕西省2026年第六批新增一般债券新增一般债券发行公开,2026-06-30,https://www.celma.org.cn/fxqgg/69580.jhtml,fxqgg,announcement,陕西省,61,new_general,一般新增债券,,10Y,6,6.0,,14.8,2026-06-26,招标日,,,-4.0,,陕财办政债〔2026〕67 号,2026年陕西省政府一般债券(六期),text,公告发布日期晚于PDF内招标日期(负值)，可能是celma.org.cn平台镜像/上传延迟而非真实违规，建议核对省级财政厅官网原始发布时间
2026年陕西省2026年第五批新增专项债券新增专项债券发行公开,2026-06-30,https://www.celma.org.cn/fxqgg/69582.jhtml,fxqgg,announcement,陕西省,61,new_special,专项新增债券,,,5.0,13.0,,2.35,2026-06-26,招标日,,,-4.0,,陕财办政债〔2026〕68 号,2026年陕西省政府专项债券(十三期),text,未能识别发行期限; 公告发布日期晚于PDF内招标日期(负值)，可能是celma.org.cn平台镜像/上传延迟而非真实违规，建议核对省级财政厅官网原始发布时间
2026年陕西省2026年第五批新增专项债券新增专项债券发行公开,2026-06-30,https://www.celma.org.cn/fxqgg/69582.jhtml,fxqgg,announcement,陕西省,61,new_special,专项新增债券,,,5.0,14.0,,0.93,2026-06-26,招标日,,,-4.0,,陕财办政债〔2026〕68 号,2026年陕西省政府专项债券(十四期),text,未能识别发行期限; 公告发布日期晚于PDF内招标日期(负值)，可能是celma.org.cn平台镜像/上传延迟而非真实违规，建议核对省级财政厅官网原始发布时间
2026年陕西省2026年第五批新增专项债券新增专项债券发行公开,2026-06-30,https://www.celma.org.cn/fxqgg/69582.jhtml,fxqgg,announcement,陕西省,61,new_special,专项新增债券,,,5.0,16.0,,12.5301,2026-06-26,招标日,,,-4.0,,陕财办政债〔2026〕68 号,2026年陕西省政府专项债券(十六期),text,未能识别发行期限; 公告发布日期晚于PDF内招标日期(负值)，可能是celma.org.cn平台镜像/上传延迟而非真实违规，建议核对省级财政厅官网原始发布时间
2026年黑龙江省政府再融资专项债券（四期）再融资债券发行公开,2026-06-30,https://www.celma.org.cn/fxqgg/69509.jhtml,fxqgg,announcement,黑龙江省,23,refinancing,再融资债券,专项,,,,,,2026-07-07,招标日,2026-07-08,,7.0,5.0,,,ocr,未能从表格解析分期明细，本行为整篇公告级别的合并记录; 本行来自OCR识别，数值型字段准确性需人工核对
2026年天津市2026年第五批新增一般债券发行公开,2026-06-30,https://www.celma.org.cn/fxqgg/69610.jhtml,fxqgg,announcement,天津市,12,new_general,一般新增债券,,,5,,,,,,,,,,,,text,未能从表格解析分期明细，本行为整篇公告级别的合并记录; 未找到招标日期
2026年黑龙江省政府专项债券（十一期）新增专项债券发行公开,2026-06-30,https://www.celma.org.cn/fxqgg/69506.jhtml,fxqgg,announcement,黑龙江省,23,new_special,专项新增债券,,,,,,,2026-07-07,招标日,2026-07-08,,7.0,5.0,,,ocr,未能从表格解析分期明细，本行为整篇公告级别的合并记录; 本行来自OCR识别，数值型字段准确性需人工核对
2026年陕西省2026年第四批再融资一般债券再融资债券发行公开,2026-06-30,https://www.celma.org.cn/fxqgg/69596.jhtml,fxqgg,announcement,陕西省,61,refinancing,再融资债券,一般,10Y,4,4.0,,55.8782,2026-06-26,招标日,,,-4.0,,陕财办政债〔2026〕69 号,2026年陕西省地方政府再融资一般债券(四期）,text,公告发布日期晚于PDF内招标日期(负值)，可能是celma.org.cn平台镜像/上传延迟而非真实违规，建议核对省级财政厅官网原始发布时间
2026年黑龙江省政府再融资一般债券（二期）再融资债券发行公开,2026-06-30,https://www.celma.org.cn/fxqgg/69508.jhtml,fxqgg,announcement,黑龙江省,23,refinancing,再融资债券,一般,,,,,,2026-07-07,招标日,2026-07-08,,7.0,5.0,,,ocr,未能从表格解析分期明细，本行为整篇公告级别的合并记录; 本行来自OCR识别，数值型字段准确性需人工核对
2026年陕西省2026年第五批新增专项债券新增专项债券发行公开,2026-06-30,https://www.celma.org.cn/fxqgg/69582.jhtml,fxqgg,announcement,陕西省,61,new_special,专项新增债券,,,5.0,15.0,,14.11,2026-06-26,招标日,,,-4.0,,陕财办政债〔2026〕68 号,2026年陕西省政府专项债券(十五期),text,未能识别发行期限; 公告发布日期晚于PDF内招标日期(负值)，可能是celma.org.cn平台镜像/上传延迟而非真实违规，建议核对省级财政厅官网原始发布时间
2026年天津市2026年第五批再融资债券发行公开,2026-06-30,https://www.celma.org.cn/fxqgg/69612.jhtml,fxqgg,announcement,天津市,12,refinancing,再融资债券,,,5,,,,,,,,,,,,text,未能从表格解析分期明细，本行为整篇公告级别的合并记录; 未找到招标日期
2026年福建省2026年第十一批（再融资）再融资债券发行公开,2026-06-30,https://www.celma.org.cn/fxqgg/69577.jhtml,fxqgg,announcement,福建省,35,refinancing,再融资债券,,,11.0,,,,2026-07-07,招标日,2026-07-08,,7.0,5.0,,,ocr,未能从表格解析分期明细，本行为整篇公告级别的合并记录; 本行来自OCR识别，数值型字段准确性需人工核对
2026年新疆兵团2026年第二批新增一般债券发行公开,2026-07-01,https://www.celma.org.cn/fxqgg/69640.jhtml,fxqgg,announcement,新疆维吾尔自治区,65,new_general,一般新增债券,,,2,,,,2026-06-30,招标日,2026-06-30,,-1.0,,,,ocr,未能从表格解析分期明细，本行为整篇公告级别的合并记录; 本行来自OCR识别，数值型字段准确性需人工核对; 公告发布日期晚于PDF内招标日期(负值)，可能是celma.org.cn平台镜像/上传延迟而非真实违规，建议核对省级财政厅官网原始发布时间
2026年新疆兵团2026年第二批新增专项债券发行公开,2026-07-01,https://www.celma.org.cn/fxqgg/69642.jhtml,fxqgg,announcement,新疆维吾尔自治区,65,new_special,专项新增债券,,,2,,,,2026-06-30,招标日,2026-06-30,,-1.0,,,,ocr,未能从表格解析分期明细，本行为整篇公告级别的合并记录; 本行来自OCR识别，数值型字段准确性需人工核对; 公告发布日期晚于PDF内招标日期(负值)，可能是celma.org.cn平台镜像/上传延迟而非真实违规，建议核对省级财政厅官网原始发布时间
2026年新疆维吾尔自治区2026年自治区第九批地方政府债券新增专项债券发行公开,2026-07-02,https://www.celma.org.cn/fxqgg/69653.jhtml,fxqgg,announcement,新疆维吾尔自治区,65,new_special,专项新增债券,,,9,,,,2026-07-09,招标日,2026-07-09,,7.0,5.0,,,ocr,未能从表格解析分期明细，本行为整篇公告级别的合并记录; 本行来自OCR识别，数值型字段准确性需人工核对
2026年新疆维吾尔自治区2026年自治区第九批地方政府债券新增一般债券发行公开,2026-07-02,https://www.celma.org.cn/fxqgg/69652.jhtml,fxqgg,announcement,新疆维吾尔自治区,65,new_general,一般新增债券,,,9,,,,2026-07-09,招标日,2026-07-09,,7.0,5.0,,,ocr,未能从表格解析分期明细，本行为整篇公告级别的合并记录; 本行来自OCR识别，数值型字段准确性需人工核对
2026年山西省2026年第六批新增专项（15年期）新增专项债券发行公开,2026-07-03,https://www.celma.org.cn/fxqgg/69663.jhtml,fxqgg,announcement,山西省,14,new_special,专项新增债券,,,6,,,,,,,,,,,,ocr,未能从表格解析分期明细，本行为整篇公告级别的合并记录; 未找到招标日期; 本行来自OCR识别，数值型字段准确性需人工核对
2026年山西省2026年第六批新增一般（10年期）新增一般债券发行公开,2026-07-03,https://www.celma.org.cn/fxqgg/69660.jhtml,fxqgg,announcement,山西省,14,new_general,一般新增债券,,,6,,,,,,,,,,,,ocr,未能从表格解析分期明细，本行为整篇公告级别的合并记录; 未找到招标日期; 本行来自OCR识别，数值型字段准确性需人工核对
2026年山西省2026年第六批新增专项（30年期）新增专项债券发行公开,2026-07-03,https://www.celma.org.cn/fxqgg/69665.jhtml,fxqgg,announcement,山西省,14,new_special,专项新增债券,,,6.0,,,,,,,,,,,,ocr,未能从表格解析分期明细，本行为整篇公告级别的合并记录; 未找到招标日期; 本行来自OCR识别，数值型字段准确性需人工核对
2026年山西省2026年第六批新增专项（20年期）新增专项债券发行公开,2026-07-03,https://www.celma.org.cn/fxqgg/69664.jhtml,fxqgg,announcement,山西省,14,new_special,专项新增债券,,,6,,,,,,,,,,,,ocr,未能从表格解析分期明细，本行为整篇公告级别的合并记录; 未找到招标日期; 本行来自OCR识别，数值型字段准确性需人工核对
2026年山西省2026年第六批收费公路专项（20年期）新增专项债券发行公开,2026-07-03,https://www.celma.org.cn/fxqgg/69659.jhtml,fxqgg,announcement,山西省,14,new_special,专项新增债券,,,6,,,,,,,,,,,,ocr,未能从表格解析分期明细，本行为整篇公告级别的合并记录; 未找到招标日期; 本行来自OCR识别，数值型字段准确性需人工核对
2026年山西省2026年第六批棚改专项（10年期）新增专项债券发行公开,2026-07-03,https://www.celma.org.cn/fxqgg/69658.jhtml,fxqgg,announcement,山西省,14,new_special,专项新增债券,,,6,,,,,,,,,,,,ocr,未能从表格解析分期明细，本行为整篇公告级别的合并记录; 未找到招标日期; 本行来自OCR识别，数值型字段准确性需人工核对
2026年山西省2026年第六批新增专项（10年期）新增专项债券发行公开,2026-07-03,https://www.celma.org.cn/fxqgg/69661.jhtml,fxqgg,announcement,山西省,14,new_special,专项新增债券,,,6,,,,,,,,,,,,ocr,未能从表格解析分期明细，本行为整篇公告级别的合并记录; 未找到招标日期; 本行来自OCR识别，数值型字段准确性需人工核对
2026年甘肃省2026年甘肃省政府专项债券（三十二期）新增专项债券发行公开,2026-07-06,https://www.celma.org.cn/fxqgg/69676.jhtml,fxqgg,announcement,甘肃省,62,new_special,专项新增债券,,,,,,,,,,,,,,,ocr,未能从表格解析分期明细，本行为整篇公告级别的合并记录; 未找到招标日期; 本行来自OCR识别，数值型字段准确性需人工核对
2026年甘肃省2026年甘肃省政府一般债券（二期）新增一般债券发行公开,2026-07-06,https://www.celma.org.cn/fxqgg/69671.jhtml,fxqgg,announcement,甘肃省,62,new_general,一般新增债券,,,,,,,,,,,,,,,ocr,未能从表格解析分期明细，本行为整篇公告级别的合并记录; 未找到招标日期; 本行来自OCR识别，数值型字段准确性需人工核对
2026年上海市2026年第一批再融资再融资债券发行公开,2026-07-06,https://www.celma.org.cn/fxqgg/69687.jhtml,fxqgg,announcement,上海市,31,refinancing,再融资债券,,,1.0,,,,2026-07-13,招标日,2026-07-14,,7.0,5.0,,,ocr,未能从表格解析分期明细，本行为整篇公告级别的合并记录; 本行来自OCR识别，数值型字段准确性需人工核对
2026年甘肃省2026年甘肃省政府专项债券（二十四期）新增专项债券发行公开,2026-07-06,https://www.celma.org.cn/fxqgg/69680.jhtml,fxqgg,announcement,甘肃省,62,new_special,专项新增债券,,,,,,,,,,,,,,,ocr,未能从表格解析分期明细，本行为整篇公告级别的合并记录; 未找到招标日期; 本行来自OCR识别，数值型字段准确性需人工核对
2026年甘肃省2026年甘肃省政府专项债券（二十六期）新增专项债券发行公开,2026-07-06,https://www.celma.org.cn/fxqgg/69679.jhtml,fxqgg,announcement,甘肃省,62,new_special,专项新增债券,,,,,,,,,,,,,,,ocr,未能从表格解析分期明细，本行为整篇公告级别的合并记录; 未找到招标日期; 本行来自OCR识别，数值型字段准确性需人工核对
2026年湖北省2026年新增专项第九批新增专项债券发行公开,2026-07-06,https://www.celma.org.cn/fxqgg/69686.jhtml,fxqgg,announcement,湖北省,42,new_special,专项新增债券,,,9.0,,,,2026-07-13,招标日,2026-07-13,,7.0,5.0,,,ocr,未能从表格解析分期明细，本行为整篇公告级别的合并记录; 本行来自OCR识别，数值型字段准确性需人工核对
2026年甘肃省2026年甘肃省政府再融资专项债券（八期）再融资债券发行公开,2026-07-06,https://www.celma.org.cn/fxqgg/69672.jhtml,fxqgg,announcement,甘肃省,62,refinancing,再融资债券,专项,,,,,,,,,,,,,,ocr,未能从表格解析分期明细，本行为整篇公告级别的合并记录; 未找到招标日期; 本行来自OCR识别，数值型字段准确性需人工核对
2026年甘肃省2026年甘肃省政府专项债券（三十期）新增专项债券发行公开,2026-07-06,https://www.celma.org.cn/fxqgg/69675.jhtml,fxqgg,announcement,甘肃省,62,new_special,专项新增债券,,,,,,,,,,,,,,,ocr,未能从表格解析分期明细，本行为整篇公告级别的合并记录; 未找到招标日期; 本行来自OCR识别，数值型字段准确性需人工核对
2026年甘肃省2026年甘肃省政府专项债券（二十九期）新增专项债券发行公开,2026-07-06,https://www.celma.org.cn/fxqgg/69678.jhtml,fxqgg,announcement,甘肃省,62,new_special,专项新增债券,,,,,,,,,,,,,,,ocr,未能从表格解析分期明细，本行为整篇公告级别的合并记录; 未找到招标日期; 本行来自OCR识别，数值型字段准确性需人工核对
2026年湖北省2026年第九批新增专项新增专项债券发行公开,2026-07-06,https://www.celma.org.cn/fxqgg/69684.jhtml,fxqgg,announcement,湖北省,42,new_special,专项新增债券,,,9.0,,,,2026-07-13,招标日,2026-07-13,,7.0,5.0,,,ocr,未能从表格解析分期明细，本行为整篇公告级别的合并记录; 本行来自OCR识别，数值型字段准确性需人工核对
2026年甘肃省2026年甘肃省政府专项债券（二十五期）新增专项债券发行公开,2026-07-06,https://www.celma.org.cn/fxqgg/69681.jhtml,fxqgg,announcement,甘肃省,62,new_special,专项新增债券,,,,,,,,,,,,,,,ocr,未能从表格解析分期明细，本行为整篇公告级别的合并记录; 未找到招标日期; 本行来自OCR识别，数值型字段准确性需人工核对
2026年湖北省2026年湖北省第九批-再融资专项第八批再融资债券发行公开,2026-07-06,https://www.celma.org.cn/fxqgg/69685.jhtml,fxqgg,announcement,湖北省,42,refinancing,再融资债券,专项,,9.0,,,,2026-07-13,招标日,2026-07-13,,7.0,5.0,,,ocr,未能从表格解析分期明细，本行为整篇公告级别的合并记录; 本行来自OCR识别，数值型字段准确性需人工核对
2026年甘肃省2026年甘肃省政府专项债券（三十一期）新增专项债券发行公开,2026-07-06,https://www.celma.org.cn/fxqgg/69674.jhtml,fxqgg,announcement,甘肃省,62,new_special,专项新增债券,,,,,,,,,,,,,,,ocr,未能从表格解析分期明细，本行为整篇公告级别的合并记录; 未找到招标日期; 本行来自OCR识别，数值型字段准确性需人工核对
2026年甘肃省2026年甘肃省政府棚户区改造专项债券（四期）——2026年甘肃省政府专项债券（二十三期）新增专项债券发行公开,2026-07-06,https://www.celma.org.cn/fxqgg/69670.jhtml,fxqgg,announcement,甘肃省,62,new_special,专项新增债券,,,,,,,,,,,,,,,ocr,未能从表格解析分期明细，本行为整篇公告级别的合并记录; 未找到招标日期; 本行来自OCR识别，数值型字段准确性需人工核对
2026年甘肃省2026年甘肃省政府再融资专项债券（九期）再融资债券发行公开,2026-07-06,https://www.celma.org.cn/fxqgg/69673.jhtml,fxqgg,announcement,甘肃省,62,refinancing,再融资债券,专项,,,,,,,,,,,,,,ocr,未能从表格解析分期明细，本行为整篇公告级别的合并记录; 未找到招标日期; 本行来自OCR识别，数值型字段准确性需人工核对
2026年甘肃省2026年甘肃省政府收费公路专项债券（四期）——2026年甘肃省政府专项债券（二十七期）新增专项债券发行公开,2026-07-06,https://www.celma.org.cn/fxqgg/69669.jhtml,fxqgg,announcement,甘肃省,62,new_special,专项新增债券,,,,,,,,,,,,,,,ocr,未能从表格解析分期明细，本行为整篇公告级别的合并记录; 未找到招标日期; 本行来自OCR识别，数值型字段准确性需人工核对
2026年甘肃省2026年甘肃省政府专项债券（二十八期）新增专项债券发行公开,2026-07-06,https://www.celma.org.cn/fxqgg/69677.jhtml,fxqgg,announcement,甘肃省,62,new_special,专项新增债券,,,,,,,,,,,,,,,ocr,未能从表格解析分期明细，本行为整篇公告级别的合并记录; 未找到招标日期; 本行来自OCR识别，数值型字段准确性需人工核对
2026年山东省第九批再融资专项（二十六期-二十八期）再融资债券发行公开,2026-07-08,https://www.celma.org.cn/fxqgg/69707.jhtml,fxqgg,announcement,山东省,37,refinancing,再融资债券,专项,,9.0,26.0,,1.54,2026-07-15,招标日,,,7.0,5.0,鲁财库〔2026〕31 号,2026 年山东省地方政府再融资专项债券（二十六期）,text,未能识别发行期限
2026年山东省第九批再融资专项（二十六期-二十八期）再融资债券发行公开,2026-07-08,https://www.celma.org.cn/fxqgg/69707.jhtml,fxqgg,announcement,山东省,37,refinancing,再融资债券,专项,,9.0,28.0,,29.59,2026-07-15,招标日,,,7.0,5.0,鲁财库〔2026〕31 号,2026 年山东省地方政府再融资专项债券（二十八期）,text,未能识别发行期限
2026年山东省第九批再融资专项（二十六期-二十八期）再融资债券发行公开,2026-07-08,https://www.celma.org.cn/fxqgg/69707.jhtml,fxqgg,announcement,山东省,37,refinancing,再融资债券,专项,,9.0,27.0,,42.01,2026-07-15,招标日,,,7.0,5.0,鲁财库〔2026〕31 号,2026 年山东省地方政府再融资专项债券（二十七期）,text,未能识别发行期限
2026年湖南省第十九批再融资债券发行公开,2026-07-09,https://www.celma.org.cn/fxqgg/69714.jhtml,fxqgg,announcement,湖南省,43,refinancing,再融资债券,专项,,19.0,6.0,,26.82,2026-07-16,招标日,2026-07-17,,7.0,5.0,湘财债管〔2026〕39 号,2026年湖南省地方政府再融资专项债券（六期）,text,未能识别发行期限
2026年湖南省第二十批再融资债券发行公开,2026-07-09,https://www.celma.org.cn/fxqgg/69715.jhtml,fxqgg,announcement,湖南省,43,refinancing,再融资债券,专项,,20.0,6.0,,26.82,2026-07-16,招标日,2026-07-17,,7.0,5.0,湘财债管〔2026〕39 号,2026年湖南省地方政府再融资专项债券（六期）,text,未能识别发行期限
2026年吉林省2026年第4批公开发行新增一般债券发行公开,2026-07-10,https://www.celma.org.cn/fxqgg/69819.jhtml,fxqgg,announcement,吉林省,22,new_general,一般新增债券,,,4.0,,,,2026-07-17,招标日,2026-07-20,,7.0,5.0,,,ocr,未能从表格解析分期明细，本行为整篇公告级别的合并记录; 本行来自OCR识别，数值型字段准确性需人工核对
2026年云南省2026年第十批新增专项债券发行公开,2026-07-10,https://www.celma.org.cn/fxqgg/69724.jhtml,fxqgg,announcement,云南省,53,new_special,专项新增债券,,,10.0,,,,2026-07-15,招标日,,,5.0,3.0,,,ocr,未能从表格解析分期明细，本行为整篇公告级别的合并记录; 本行来自OCR识别，数值型字段准确性需人工核对
2026年吉林省2026年第4批公开发行新增专项债券发行公开,2026-07-10,https://www.celma.org.cn/fxqgg/69820.jhtml,fxqgg,announcement,吉林省,22,new_special,专项新增债券,,,4.0,,,,2026-07-17,招标日,2026-07-20,,7.0,5.0,,,ocr,未能从表格解析分期明细，本行为整篇公告级别的合并记录; 本行来自OCR识别，数值型字段准确性需人工核对
2026年河北省2026年第十二批再融资债券发行公开,2026-07-10,https://www.celma.org.cn/fxqgg/69717.jhtml,fxqgg,announcement,河北省,13,refinancing,再融资债券,,,12.0,,,69.68,2026-07-17,招标日,,,7.0,5.0,,,ocr,未能从表格解析分期明细，本行为整篇公告级别的合并记录; 本行来自OCR识别，数值型字段准确性需人工核对
2026年吉林省2026年第4批公开发行再融资债券发行公开,2026-07-10,https://www.celma.org.cn/fxqgg/69821.jhtml,fxqgg,announcement,吉林省,22,refinancing,再融资债券,,,4.0,,,,2026-07-17,招标日,2026-07-20,,7.0,5.0,,,ocr,未能从表格解析分期明细，本行为整篇公告级别的合并记录; 本行来自OCR识别，数值型字段准确性需人工核对
2026年四川省2026第八批次公开（0721）再融资债券发行公开,2026-07-14,https://www.celma.org.cn/fxqgg/69757.jhtml,fxqgg,announcement,四川省,51,new_special,专项新增债券,,,8.0,33.0,,204.5,2026-07-21,招标日,2026-07-22,,7.0,5.0,川财债〔2026〕19 号,2026年四川省政府专项债券（三十三期）,text,未能识别发行期限
2026年四川省2026第八批次公开（0721）新增专项债券发行公开,2026-07-14,https://www.celma.org.cn/fxqgg/69756.jhtml,fxqgg,announcement,四川省,51,new_special,专项新增债券,,,8.0,31.0,,57.97,2026-07-21,招标日,2026-07-22,,7.0,5.0,川财债〔2026〕19 号,2026年四川省政府专项债券（三十一期）,text,未能识别发行期限
2026年四川省2026第八批次公开（0721）再融资债券发行公开,2026-07-14,https://www.celma.org.cn/fxqgg/69757.jhtml,fxqgg,announcement,四川省,51,refinancing,再融资债券,专项,,8.0,11.0,,52.5606,2026-07-21,招标日,2026-07-22,,7.0,5.0,川财债〔2026〕19 号,2026年四川省政府再融资专项债券（十一期）,text,未能识别发行期限
2026年四川省2026第八批次公开（0721）新增专项债券发行公开,2026-07-14,https://www.celma.org.cn/fxqgg/69756.jhtml,fxqgg,announcement,四川省,51,refinancing,再融资债券,专项,,8.0,12.0,,15.63,2026-07-21,招标日,2026-07-22,,7.0,5.0,川财债〔2026〕19 号,2026年四川省政府再融资专项债券（十二期）,text,未能识别发行期限
2026年四川省2026第八批次公开（0721）再融资债券发行公开,2026-07-14,https://www.celma.org.cn/fxqgg/69757.jhtml,fxqgg,announcement,四川省,51,new_special,专项新增债券,,,8.0,31.0,,57.97,2026-07-21,招标日,2026-07-22,,7.0,5.0,川财债〔2026〕19 号,2026年四川省政府专项债券（三十一期）,text,未能识别发行期限
2026年四川省2026第八批次公开（0721）新增专项债券发行公开,2026-07-14,https://www.celma.org.cn/fxqgg/69756.jhtml,fxqgg,announcement,四川省,51,refinancing,再融资债券,一般,,8.0,5.0,,160.5213,2026-07-21,招标日,2026-07-22,,7.0,5.0,川财债〔2026〕19 号,2026年四川省政府再融资一般债券（五期）,text,未能识别发行期限
2026年四川省2026第八批次公开（0721）新增专项债券发行公开,2026-07-14,https://www.celma.org.cn/fxqgg/69756.jhtml,fxqgg,announcement,四川省,51,new_special,专项新增债券,,,8.0,32.0,,12.0,2026-07-21,招标日,2026-07-22,,7.0,5.0,川财债〔2026〕19 号,2026年四川省政府专项债券（三十二期）,text,未能识别发行期限
2026年四川省2026第八批次公开（0721）新增专项债券发行公开,2026-07-14,https://www.celma.org.cn/fxqgg/69756.jhtml,fxqgg,announcement,四川省,51,new_special,专项新增债券,,,8.0,33.0,,204.5,2026-07-21,招标日,2026-07-22,,7.0,5.0,川财债〔2026〕19 号,2026年四川省政府专项债券（三十三期）,text,未能识别发行期限
2026年四川省2026第八批次公开（0721）再融资债券发行公开,2026-07-14,https://www.celma.org.cn/fxqgg/69757.jhtml,fxqgg,announcement,四川省,51,refinancing,再融资债券,一般,,8.0,5.0,,160.5213,2026-07-21,招标日,2026-07-22,,7.0,5.0,川财债〔2026〕19 号,2026年四川省政府再融资一般债券（五期）,text,未能识别发行期限
2026年四川省2026第八批次公开（0721）再融资债券发行公开,2026-07-14,https://www.celma.org.cn/fxqgg/69757.jhtml,fxqgg,announcement,四川省,51,new_special,专项新增债券,,,8.0,32.0,,12.0,2026-07-21,招标日,2026-07-22,,7.0,5.0,川财债〔2026〕19 号,2026年四川省政府专项债券（三十二期）,text,未能识别发行期限
2026年四川省2026第八批次公开（0721）再融资债券发行公开,2026-07-14,https://www.celma.org.cn/fxqgg/69757.jhtml,fxqgg,announcement,四川省,51,refinancing,再融资债券,专项,,8.0,12.0,,15.63,2026-07-21,招标日,2026-07-22,,7.0,5.0,川财债〔2026〕19 号,2026年四川省政府再融资专项债券（十二期）,text,未能识别发行期限
2026年四川省2026第八批次公开（0721）新增专项债券发行公开,2026-07-14,https://www.celma.org.cn/fxqgg/69756.jhtml,fxqgg,announcement,四川省,51,refinancing,再融资债券,专项,,8.0,11.0,,52.5606,2026-07-21,招标日,2026-07-22,,7.0,5.0,川财债〔2026〕19 号,2026年四川省政府再融资专项债券（十一期）,text,未能识别发行期限
2026年浙江省2026年第八次公开发行再融资债券发行公开,2026-07-15,https://www.celma.org.cn/fxqgg/69763.jhtml,fxqgg,announcement,浙江省,33,refinancing,再融资债券,,,,,,,2026-07-22,招标日,2026-07-23,,7.0,5.0,,,ocr,未能从表格解析分期明细，本行为整篇公告级别的合并记录; 本行来自OCR识别，数值型字段准确性需人工核对
2026年浙江省2026年第八次公开发行新增专项债券发行公开,2026-07-15,https://www.celma.org.cn/fxqgg/69764.jhtml,fxqgg,announcement,浙江省,33,new_special,专项新增债券,,,,,,,2026-07-22,招标日,2026-07-23,,7.0,5.0,,,ocr,未能从表格解析分期明细，本行为整篇公告级别的合并记录; 本行来自OCR识别，数值型字段准确性需人工核对
2026年新疆维吾尔自治区2026年自治区第十批地方政府债券新增专项债券发行公开,2026-07-16,https://www.celma.org.cn/fxqgg/69780.jhtml,fxqgg,announcement,新疆维吾尔自治区,65,new_special,专项新增债券,,,10.0,,,,2026-07-23,招标日,,,7.0,5.0,,,ocr,未能从表格解析分期明细，本行为整篇公告级别的合并记录; 本行来自OCR识别，数值型字段准确性需人工核对
2026年河南省2026年河南省政府再融资专项债券（十七期）30年再融资债券发行公开,2026-07-16,https://www.celma.org.cn/fxqgg/69855.jhtml,fxqgg,announcement,河南省,41,,,,,,,,4.32,,招标日,,,,,,,text,未能从债券名称识别品种(一般新增/专项新增/再融资); 未能识别发行期限; 未找到招标日期
2026年新疆维吾尔自治区2026年自治区第十批地方政府债券再融资债券发行公开,2026-07-16,https://www.celma.org.cn/fxqgg/69781.jhtml,fxqgg,announcement,新疆维吾尔自治区,65,refinancing,再融资债券,,,10.0,,,,2026-07-23,招标日,2026-07-23,,7.0,5.0,,,ocr,未能从表格解析分期明细，本行为整篇公告级别的合并记录; 本行来自OCR识别，数值型字段准确性需人工核对
2026年河南省2026年河南省政府专项债券（四十八期）30年新增专项债券发行公开,2026-07-16,https://www.celma.org.cn/fxqgg/69775.jhtml,fxqgg,announcement,河南省,41,,,,,,,,4.32,,招标日,,,,,,,text,未能从债券名称识别品种(一般新增/专项新增/再融资); 未能识别发行期限; 未找到招标日期
2026年河南省2026年河南省棚改专项债券（十四期）7年新增专项债券发行公开,2026-07-16,https://www.celma.org.cn/fxqgg/69769.jhtml,fxqgg,announcement,河南省,41,,,,,,,,4.32,,招标日,,,,,,,text,未能从债券名称识别品种(一般新增/专项新增/再融资); 未能识别发行期限; 未找到招标日期
2026年河南省2026年河南省棚改专项债券（十五期）10年新增专项债券发行公开,2026-07-16,https://www.celma.org.cn/fxqgg/69770.jhtml,fxqgg,announcement,河南省,41,,,,,,,,4.32,,招标日,,,,,,,text,未能从债券名称识别品种(一般新增/专项新增/再融资); 未能识别发行期限; 未找到招标日期
2026年河南省2026年河南省政府专项债券（四十七期）15年新增专项债券发行公开,2026-07-16,https://www.celma.org.cn/fxqgg/69771.jhtml,fxqgg,announcement,河南省,41,,,,,,,,4.32,,招标日,,,,,,,text,未能从债券名称识别品种(一般新增/专项新增/再融资); 未能识别发行期限; 未找到招标日期
安徽省2026年第六批新增一般债券发行公开,2026-07-16,https://www.celma.org.cn/fxqgg/69777.jhtml,fxqgg,announcement,安徽省,34,new_general,一般新增债券,,,6.0,,,,2026-07-23,招标日,2026-07-24,,7.0,5.0,,,ocr,未能从表格解析分期明细，本行为整篇公告级别的合并记录; 本行来自OCR识别，数值型字段准确性需人工核对
2026年新疆维吾尔自治区2026年自治区第十批地方政府债券新增一般债券发行公开,2026-07-16,https://www.celma.org.cn/fxqgg/69779.jhtml,fxqgg,announcement,新疆维吾尔自治区,65,new_general,一般新增债券,,,10.0,,,,2026-07-23,招标日,2026-07-23,,7.0,5.0,,,ocr,未能从表格解析分期明细，本行为整篇公告级别的合并记录; 本行来自OCR识别，数值型字段准确性需人工核对
安徽省2026年第六批新增专项债券发行公开,2026-07-16,https://www.celma.org.cn/fxqgg/69778.jhtml,fxqgg,announcement,安徽省,34,new_special,专项新增债券,,,6.0,,,,2026-07-23,招标日,2026-07-24,,7.0,5.0,,,ocr,未能从表格解析分期明细，本行为整篇公告级别的合并记录; 本行来自OCR识别，数值型字段准确性需人工核对
2026年河南省2026年河南省棚改专项债券（十三期）5年新增专项债券发行公开,2026-07-16,https://www.celma.org.cn/fxqgg/69768.jhtml,fxqgg,announcement,河南省,41,,,,,,,,4.32,,招标日,,,,,,,text,未能从债券名称识别品种(一般新增/专项新增/再融资); 未能识别发行期限; 未找到招标日期
2026年江苏省2026年第九批江苏省政府债券发行(再融资一般债券)再融资债券发行公开,2026-07-17,https://www.celma.org.cn/fxqgg/69800.jhtml,fxqgg,announcement,江苏省,32,refinancing,再融资债券,一般,10Y,9.0,5.0,,16.01,2026-07-24,招标日,2026-07-27,,7.0,5.0,苏财债〔2026〕74号,2026年江苏省地方政府再融资一般债券（五期）,text,
2026年江苏省2026年第九批江苏省政府债券发行(新增一般债券)新增一般债券发行公开,2026-07-17,https://www.celma.org.cn/fxqgg/69798.jhtml,fxqgg,announcement,江苏省,32,new_general,一般新增债券,,10Y,9.0,2.0,,109.0,2026-07-24,招标日,2026-07-27,,7.0,5.0,苏财债〔2026〕75号,2026年江苏省政府一般债券（二期）,text,
2026年江苏省2026年第九批江苏省政府债券发行(再融资专项债券)再融资债券发行公开,2026-07-17,https://www.celma.org.cn/fxqgg/69801.jhtml,fxqgg,announcement,江苏省,32,refinancing,再融资债券,一般,10Y,9,5.0,,16.01,2026-07-24,招标日,2026-07-27,,7,5.0,苏财债〔2026〕74号,2026年江苏省地方政府再融资一般债券（五期）,text,
2026年辽宁省2026第八批再融资债券发行公开,2026-07-17,https://www.celma.org.cn/fxqgg/69789.jhtml,fxqgg,announcement,辽宁省,21,refinancing,再融资债券,,,8.0,,,,2026-06-25,招标日,2026-06-26,,-22.0,,,,ocr,未能从表格解析分期明细，本行为整篇公告级别的合并记录; 本行来自OCR识别，数值型字段准确性需人工核对; 公告发布日期晚于PDF内招标日期(负值)，可能是celma.org.cn平台镜像/上传延迟而非真实违规，建议核对省级财政厅官网原始发布时间
2026年江苏省2026年第九批江苏省政府债券发行(再融资专项债券)再融资债券发行公开,2026-07-17,https://www.celma.org.cn/fxqgg/69801.jhtml,fxqgg,announcement,江苏省,32,refinancing,再融资债券,专项,20Y,9,16.0,,55.66,2026-07-24,招标日,2026-07-27,,7,5.0,苏财债〔2026〕74号,2026年江苏省地方政府再融资专项债券（十六期）,text,
2026年江苏省2026年第九批江苏省政府债券发行(再融资专项债券)再融资债券发行公开,2026-07-17,https://www.celma.org.cn/fxqgg/69801.jhtml,fxqgg,announcement,江苏省,32,refinancing,再融资债券,专项,5Y,9,15.0,,350.07,2026-07-24,招标日,2026-07-27,,7,5.0,苏财债〔2026〕74号,2026年江苏省地方政府再融资专项债券（十五期）,text,
2026年辽宁省2026第七批再融资债券发行公开,2026-07-17,https://www.celma.org.cn/fxqgg/69791.jhtml,fxqgg,announcement,辽宁省,21,refinancing,再融资债券,,,7.0,,,,2026-06-09,招标日,2026-06-10,,-38.0,,,,ocr,未能从表格解析分期明细，本行为整篇公告级别的合并记录; 本行来自OCR识别，数值型字段准确性需人工核对; 公告发布日期晚于PDF内招标日期(负值)，可能是celma.org.cn平台镜像/上传延迟而非真实违规，建议核对省级财政厅官网原始发布时间
2026年江苏省2026年第九批江苏省政府债券发行(新增一般债券)新增一般债券发行公开,2026-07-17,https://www.celma.org.cn/fxqgg/69798.jhtml,fxqgg,announcement,江苏省,32,new_special,专项新增债券,,30Y,9.0,13.0,,300.0,2026-07-24,招标日,2026-07-27,,7.0,5.0,苏财债〔2026〕75号,2026年江苏省政府专项债券（十三期）,text,
2026年江苏省2026年第九批江苏省政府债券发行(新增一般债券)新增一般债券发行公开,2026-07-17,https://www.celma.org.cn/fxqgg/69798.jhtml,fxqgg,announcement,江苏省,32,new_special,专项新增债券,,15Y,9.0,12.0,,297.0,2026-07-24,招标日,2026-07-27,,7.0,5.0,苏财债〔2026〕75号,2026年江苏省政府专项债券（十二期）,text,
2026年江苏省2026年第九批江苏省政府债券发行(再融资一般债券)再融资债券发行公开,2026-07-17,https://www.celma.org.cn/fxqgg/69800.jhtml,fxqgg,announcement,江苏省,32,refinancing,再融资债券,专项,20Y,9.0,16.0,,55.66,2026-07-24,招标日,2026-07-27,,7.0,5.0,苏财债〔2026〕74号,2026年江苏省地方政府再融资专项债券（十六期）,text,
2026年江苏省2026年第九批江苏省政府债券发行(再融资一般债券)再融资债券发行公开,2026-07-17,https://www.celma.org.cn/fxqgg/69800.jhtml,fxqgg,announcement,江苏省,32,refinancing,再融资债券,专项,5Y,9.0,15.0,,350.07,2026-07-24,招标日,2026-07-27,,7.0,5.0,苏财债〔2026〕74号,2026年江苏省地方政府再融资专项债券（十五期）,text,
湖南省2026年第二十二批再融资债券发行公开,2026-07-20,https://www.celma.org.cn/fxqgg/69827.jhtml,fxqgg,announcement,湖南省,43,refinancing,再融资债券,专项,,22,8.0,,350.0,2026-07-27,招标日,2026-07-28,,7,5.0,湘财债管〔2026〕41 号,2026年湖南省地方政府再融资专项债券（八期）,text,未能识别发行期限
湖南省2026年第二十一批再融资债券发行公开,2026-07-20,https://www.celma.org.cn/fxqgg/69826.jhtml,fxqgg,announcement,湖南省,43,refinancing,再融资债券,专项,,21,8.0,,350.0,2026-07-27,招标日,2026-07-28,,7,5.0,湘财债管〔2026〕41 号,2026年湖南省地方政府再融资专项债券（八期）,text,未能识别发行期限
湖南省2026年第二十二批再融资债券发行公开,2026-07-20,https://www.celma.org.cn/fxqgg/69827.jhtml,fxqgg,announcement,湖南省,43,refinancing,再融资债券,专项,,22,7.0,,11.6,2026-07-27,招标日,2026-07-28,,7,5.0,湘财债管〔2026〕41 号,2026年湖南省地方政府再融资专项债券（七期）,text,未能识别发行期限
湖南省2026年第二十一批再融资债券发行公开,2026-07-20,https://www.celma.org.cn/fxqgg/69826.jhtml,fxqgg,announcement,湖南省,43,refinancing,再融资债券,专项,,21,7.0,,11.6,2026-07-27,招标日,2026-07-28,,7,5.0,湘财债管〔2026〕41 号,2026年湖南省地方政府再融资专项债券（七期）,text,未能识别发行期限
2026年山东省第八批新增专项（四十二期-四十六期）新增专项债券发行公开,2026-07-21,https://www.celma.org.cn/fxqgg/69815.jhtml,fxqgg,announcement,山东省,37,new_special,专项新增债券,,,8,44.0,,45.46,2026-07-28,招标日,,,7,5.0,鲁财库〔2026〕32 号,2026 年山东省政府专项债券（四十四期）,text,未能识别发行期限
2026年山东省第七批新增专项（四十七期）新增专项债券发行公开,2026-07-21,https://www.celma.org.cn/fxqgg/69816.jhtml,fxqgg,announcement,山东省,37,new_special,专项新增债券,,,7,45.0,,5.37,2026-07-28,招标日,,,7,5.0,鲁财库〔2026〕32 号,2026 年山东省政府专项债券（四十五期）,text,未能识别发行期限
2026年山东省第七批新增专项（四十七期）新增专项债券发行公开,2026-07-21,https://www.celma.org.cn/fxqgg/69816.jhtml,fxqgg,announcement,山东省,37,new_special,专项新增债券,,,7,46.0,,2.59,2026-07-28,招标日,,,7,5.0,鲁财库〔2026〕32 号,2026 年山东省政府专项债券（四十六期）,text,未能识别发行期限
2026年山东省第七批新增专项（四十七期）新增专项债券发行公开,2026-07-21,https://www.celma.org.cn/fxqgg/69816.jhtml,fxqgg,announcement,山东省,37,new_special,专项新增债券,,,7,44.0,,45.46,2026-07-28,招标日,,,7,5.0,鲁财库〔2026〕32 号,2026 年山东省政府专项债券（四十四期）,text,未能识别发行期限
2026年山东省第八批新增专项（四十二期-四十六期）新增专项债券发行公开,2026-07-21,https://www.celma.org.cn/fxqgg/69815.jhtml,fxqgg,announcement,山东省,37,new_special,专项新增债券,,,8,42.0,,2.89,2026-07-28,招标日,,,7,5.0,鲁财库〔2026〕32 号,2026 年山东省政府专项债券（四十二期）,text,未能识别发行期限
2026年山东省第八批新增专项（四十二期-四十六期）新增专项债券发行公开,2026-07-21,https://www.celma.org.cn/fxqgg/69815.jhtml,fxqgg,announcement,山东省,37,new_special,专项新增债券,,,8,47.0,,4.98,2026-07-28,招标日,,,7,5.0,鲁财库〔2026〕32 号,2026 年山东省政府专项债券（四十七期）,text,未能识别发行期限
2026年山东省第七批新增专项（四十七期）新增专项债券发行公开,2026-07-21,https://www.celma.org.cn/fxqgg/69816.jhtml,fxqgg,announcement,山东省,37,new_special,专项新增债券,,,7,47.0,,4.98,2026-07-28,招标日,,,7,5.0,鲁财库〔2026〕32 号,2026 年山东省政府专项债券（四十七期）,text,未能识别发行期限
2026年山东省第八批新增专项（四十二期-四十六期）新增专项债券发行公开,2026-07-21,https://www.celma.org.cn/fxqgg/69815.jhtml,fxqgg,announcement,山东省,37,new_special,专项新增债券,,,8,45.0,,5.37,2026-07-28,招标日,,,7,5.0,鲁财库〔2026〕32 号,2026 年山东省政府专项债券（四十五期）,text,未能识别发行期限
2026年山东省第八批新增专项（四十二期-四十六期）新增专项债券发行公开,2026-07-21,https://www.celma.org.cn/fxqgg/69815.jhtml,fxqgg,announcement,山东省,37,new_special,专项新增债券,,,8,46.0,,2.59,2026-07-28,招标日,,,7,5.0,鲁财库〔2026〕32 号,2026 年山东省政府专项债券（四十六期）,text,未能识别发行期限
2026年山东省第八批新增专项（四十二期-四十六期）新增专项债券发行公开,2026-07-21,https://www.celma.org.cn/fxqgg/69815.jhtml,fxqgg,announcement,山东省,37,new_special,专项新增债券,,,8,43.0,,50.54,2026-07-28,招标日,,,7,5.0,鲁财库〔2026〕32 号,2026 年山东省政府专项债券（四十三期）,text,未能识别发行期限
2026年山东省第七批新增专项（四十七期）新增专项债券发行公开,2026-07-21,https://www.celma.org.cn/fxqgg/69816.jhtml,fxqgg,announcement,山东省,37,new_special,专项新增债券,,,7,43.0,,50.54,2026-07-28,招标日,,,7,5.0,鲁财库〔2026〕32 号,2026 年山东省政府专项债券（四十三期）,text,未能识别发行期限
2026年山东省第七批新增专项（四十七期）新增专项债券发行公开,2026-07-21,https://www.celma.org.cn/fxqgg/69816.jhtml,fxqgg,announcement,山东省,37,new_special,专项新增债券,,,7,42.0,,2.89,2026-07-28,招标日,,,7,5.0,鲁财库〔2026〕32 号,2026 年山东省政府专项债券（四十二期）,text,未能识别发行期限
2026年云南省2026年第十一批再融资债券发行公开,2026-07-22,https://www.celma.org.cn/fxqgg/69837.jhtml,fxqgg,announcement,云南省,53,refinancing,再融资债券,,,11,,,,2026-07-29,招标日,,,7,5.0,,,ocr,未能从表格解析分期明细，本行为整篇公告级别的合并记录; 本行来自OCR识别，数值型字段准确性需人工核对
2026年云南省2026年第十一批新增专项债券发行公开,2026-07-22,https://www.celma.org.cn/fxqgg/69836.jhtml,fxqgg,announcement,云南省,53,new_special,专项新增债券,,,11,,,,2026-07-29,招标日,,,7,5.0,,,ocr,未能从表格解析分期明细，本行为整篇公告级别的合并记录; 本行来自OCR识别，数值型字段准确性需人工核对
2026年重庆市2026年七月第一批债券再融资债券发行公开,2026-07-22,https://www.celma.org.cn/fxqgg/69841.jhtml,fxqgg,announcement,重庆市,50,refinancing,再融资债券,,,1,,,232.38,2026-07-29,招标日,2026-07-30,,7,5.0,,,ocr,未能从表格解析分期明细，本行为整篇公告级别的合并记录; 本行来自OCR识别，数值型字段准确性需人工核对
2026年重庆市2026年七月第一批债券新增一般债券发行公开,2026-07-22,https://www.celma.org.cn/fxqgg/69839.jhtml,fxqgg,announcement,重庆市,50,new_general,一般新增债券,,,1,,,232.38,2026-07-29,招标日,2026-07-30,,7,5.0,,,ocr,未能从表格解析分期明细，本行为整篇公告级别的合并记录; 本行来自OCR识别，数值型字段准确性需人工核对
2026年重庆市2026年七月第一批债券新增专项债券发行公开,2026-07-22,https://www.celma.org.cn/fxqgg/69840.jhtml,fxqgg,announcement,重庆市,50,new_special,专项新增债券,,,1,,,232.38,2026-07-29,招标日,2026-07-30,,7,5.0,,,ocr,未能从表格解析分期明细，本行为整篇公告级别的合并记录; 本行来自OCR识别，数值型字段准确性需人工核对
2026年陕西省2026年第七批再融资专项债券再融资债券发行公开,2026-07-23,https://www.celma.org.cn/fxqgg/69851.jhtml,fxqgg,announcement,陕西省,61,refinancing,再融资债券,专项,7Y,7,8.0,,189.3681,2026-07-21,招标日,,,-2,,陕财办政债〔2026〕78 号,2026年陕西省地方政府再融资专项债券(八期）,text,公告发布日期晚于PDF内招标日期(负值)，可能是celma.org.cn平台镜像/上传延迟而非真实违规，建议核对省级财政厅官网原始发布时间
2026年江西省2026第六批新增一般债券发行公开,2026-07-23,https://www.celma.org.cn/fxqgg/69863.jhtml,fxqgg,announcement,江西省,36,new_general,一般新增债券,,,6,,,,2026-07-30,招标日,2026-07-31,,7,5.0,,,ocr,未能从表格解析分期明细，本行为整篇公告级别的合并记录; 本行来自OCR识别，数值型字段准确性需人工核对
2026年江西省2026第六批新增专项债券发行公开,2026-07-23,https://www.celma.org.cn/fxqgg/69866.jhtml,fxqgg,announcement,江西省,36,new_special,专项新增债券,,,6,,,,2026-07-30,招标日,2026-07-31,,7,5.0,,,ocr,未能从表格解析分期明细，本行为整篇公告级别的合并记录; 本行来自OCR识别，数值型字段准确性需人工核对
2026年江西省2026第六批再融资债券发行公开,2026-07-23,https://www.celma.org.cn/fxqgg/69867.jhtml,fxqgg,announcement,江西省,36,refinancing,再融资债券,,,6,,,,2026-07-30,招标日,2026-07-31,,7,5.0,,,ocr,未能从表格解析分期明细，本行为整篇公告级别的合并记录; 本行来自OCR识别，数值型字段准确性需人工核对
2026年江苏省2026年第九批江苏省政府债券发行(新增专项债券)新增专项债券发行公开,2026-07-24,https://www.celma.org.cn/fxqgg/69884.jhtml,fxqgg,announcement,江苏省,32,new_special,专项新增债券,,30Y,9,13.0,,300.0,2026-07-24,招标日,2026-07-27,,0,0.0,苏财债〔2026〕75号,2026年江苏省政府专项债券（十三期）,text,
2026年江苏省2026年第九批江苏省政府债券发行(新增专项债券)新增专项债券发行公开,2026-07-24,https://www.celma.org.cn/fxqgg/69884.jhtml,fxqgg,announcement,江苏省,32,new_general,一般新增债券,,10Y,9,2.0,,109.0,2026-07-24,招标日,2026-07-27,,0,0.0,苏财债〔2026〕75号,2026年江苏省政府一般债券（二期）,text,
2026年江苏省2026年第九批江苏省政府债券发行(新增专项债券)新增专项债券发行公开,2026-07-24,https://www.celma.org.cn/fxqgg/69884.jhtml,fxqgg,announcement,江苏省,32,new_special,专项新增债券,,15Y,9,12.0,,297.0,2026-07-24,招标日,2026-07-27,,0,0.0,苏财债〔2026〕75号,2026年江苏省政府专项债券（十二期）,text,
